artist,song,lyrics,lyrics_url,genre
Nirvana,Smells Like Teen Spirit,"Load up on guns, bring your friendsIt's fun to lose and to pretendShe's over-bored and self-assuredOh no, I know a dirty word",https://www.last.fm/music/Nirvana/_/Smells+Like+Teen+Spirit/+lyrics,rock
Nirvana,Smells Like Teen Spirit,"Hello, hello, hello, how low?Hello, hello, hello, how low?Hello, hello, hello, how low?Hello, hello, hello",https://www.last.fm/music/Nirvana/_/Smells+Like+Teen+Spirit/+lyrics,rock
Nirvana,Smells Like Teen Spirit,"With the lights out, it's less dangerousHere we are now, entertain usI feel stupid, and contagiousHere we are now, entertain usA mulatto, an albinoA mosquito, my libido, yeah",https://www.last.fm/music/Nirvana/_/Smells+Like+Teen+Spirit/+lyrics,rock
Nirvana,Smells Like Teen Spirit,"I'm worse at what I do bestAnd for this gift, I feel blessedOur little group has always beenAnd always will until the end",https://www.last.fm/music/Nirvana/_/Smells+Like+Teen+Spirit/+lyrics,rock
Nirvana,Smells Like Teen Spirit,"Hello, hello, hello, how low?Hello, hello, hello, how low?Hello, hello, hello, how low?Hello, hello, hello",https://www.last.fm/music/Nirvana/_/Smells+Like+Teen+Spirit/+lyrics,rock
Nirvana,Smells Like Teen Spirit,"With the lights out, it's less dangerousHere we are now, entertain usI feel stupid, and contagiousHere we are now, entertain usA mulatto, an albinoA mosquito, my libido, yeah",https://www.last.fm/music/Nirvana/_/Smells+Like+Teen+Spirit/+lyrics,rock
Nirvana,Smells Like Teen Spirit,"And I forget, just why I tasteOh yeah, I guess it makes me smileI found it hard, it's hard to findOh well, whatever, nevermind",https://www.last.fm/music/Nirvana/_/Smells+Like+Teen+Spirit/+lyrics,rock
Nirvana,Smells Like Teen Spirit,"Hello, hello, hello, how low?Hello, hello, hello, how low?Hello, hello, hello, how low?Hello, hello, hello",https://www.last.fm/music/Nirvana/_/Smells+Like+Teen+Spirit/+lyrics,rock
Nirvana,Smells Like Teen Spirit,"With the lights out, it's less dangerousHere we are now, entertain usI feel stupid, and contagiousHere we are now, entertain usA mulatto, an albinoA mosquito, my libido",https://www.last.fm/music/Nirvana/_/Smells+Like+Teen+Spirit/+lyrics,rock
Nirvana,Smells Like Teen Spirit,"A denial, a denialA denial, a denialA denial, a denialA denial, a denialA denial",https://www.last.fm/music/Nirvana/_/Smells+Like+Teen+Spirit/+lyrics,rock
Oasis,Wonderwall,"Today is gonna be the day that they're gonna throw it back to youAnd by now, you should've somehow realised what you gotta doI don't believe that anybody feels the way I do about you now",https://www.last.fm/music/Oasis/_/Wonderwall/+lyrics,rock
Oasis,Wonderwall,"And backbeat, the word is on the street that the fire in your heart is outI'm sure you've heard it all before, but you never really had a doubtI don't believe that anybody feels the way I do about you now",https://www.last.fm/music/Oasis/_/Wonderwall/+lyrics,rock
Oasis,Wonderwall,"And all the roads we have to walk are windingAnd all the lights that lead us there are blindingThere are many things that I would like to say to you, but I don't know how",https://www.last.fm/music/Oasis/_/Wonderwall/+lyrics,rock
Oasis,Wonderwall,Because maybeYou're gonna be the one that saves meAnd after allYou're my wonderwall,https://www.last.fm/music/Oasis/_/Wonderwall/+lyrics,rock
Oasis,Wonderwall,"Today was gonna be the day, but they'll never throw it back to youAnd by now, you should've somehow realised what you're not to doI don't believe that anybody feels the way I do about you now",https://www.last.fm/music/Oasis/_/Wonderwall/+lyrics,rock
Oasis,Wonderwall,"And all the roads that lead you there were windingAnd all the lights that light the way are blindingThere are many things that I would like to say to you, but I don't know how",https://www.last.fm/music/Oasis/_/Wonderwall/+lyrics,rock
Oasis,Wonderwall,I said maybeYou're gonna be the one that saves meAnd after allYou're my wonderwall,https://www.last.fm/music/Oasis/_/Wonderwall/+lyrics,rock
Oasis,Wonderwall,I said maybe (I said maybe)You're gonna be the one that saves meAnd after allYou're my wonderwall,https://www.last.fm/music/Oasis/_/Wonderwall/+lyrics,rock
Oasis,Wonderwall,I said maybe (I said maybe)You're gonna be the one that saves me (saves me)You're gonna be the one that saves me (saves me)You're gonna be the one that saves me (saves me),https://www.last.fm/music/Oasis/_/Wonderwall/+lyrics,rock
The Cranberries,Zombie,Another head hangs lowlyChild is slowly takenAnd the violence caused such silenceWho are we mistaken?,https://www.last.fm/music/The+Cranberries/_/Zombie/+lyrics,rock
The Cranberries,Zombie,"But you see, it's not me, it's not my familyIn your head, in your head they are fightingWith their tanks, and their bombs, and their bombs, and their gunsIn your head, in your head they are crying",https://www.last.fm/music/The+Cranberries/_/Zombie/+lyrics,rock
The Cranberries,Zombie,"In your head, in your headZombie, zombie, zombie-ie-ieWhat's in your head? In your head?Zombie, zombie, zombie-ie-ie-ie, oh",https://www.last.fm/music/The+Cranberries/_/Zombie/+lyrics,rock
The Cranberries,Zombie,Another mother's breakingHeart is taking overWhen the violence causes silenceWe must be mistaken,https://www.last.fm/music/The+Cranberries/_/Zombie/+lyrics,rock
The Cranberries,Zombie,"It's the same old theme, since nineteen-sixteenIn your head, in your head they're still fightingWith their tanks, and their bombs, and their bombs, and their gunsIn your head, in your head they are dying",https://www.last.fm/music/The+Cranberries/_/Zombie/+lyrics,rock
The Cranberries,Zombie,"In your head, in your headZombie, zombie, zombie-ie-ieWhat's in your head? In your head?Zombie, zombie, zombie-ie-ie-ie, ohOh-oh-oh-oh-oh-oh-oh, eh-eh-oh, ra-ra",https://www.last.fm/music/The+Cranberries/_/Zombie/+lyrics,rock
Led Zeppelin,Stairway to Heaven,There's a lady who's sureAll that glitters is goldAnd she's buying a stairway to heavenWhen she gets there she knowsIf the stores are all closedWith a word she can get what she came for,https://www.last.fm/music/Led+Zeppelin/_/Stairway+to+Heaven/+lyrics,rock
Led Zeppelin,Stairway to Heaven,Ooh oohAnd she's buying a stairway to heaven,https://www.last.fm/music/Led+Zeppelin/_/Stairway+to+Heaven/+lyrics,rock
Led Zeppelin,Stairway to Heaven,There's a sign on the wallBut she wants to be sure'Cause you know sometimes words have two meaningsIn a tree by the brookThere's a songbird who singsSometimes all of our thoughts are misgivenYou knowAh oh yeah,https://www.last.fm/music/Led+Zeppelin/_/Stairway+to+Heaven/+lyrics,rock
Led Zeppelin,Stairway to Heaven,There's a feeling I getWhen I look to the westAnd my spirit is crying for leavingIn my thoughts I have seenRings of smoke through the treesAnd the voices of those who stand lookingThat's youOh oh oh oh oh oh ooh yeah,https://www.last.fm/music/Led+Zeppelin/_/Stairway+to+Heaven/+lyrics,rock
Led Zeppelin,Stairway to Heaven,And it's whispered that soonIf we all call the tuneThen the piper will lead us to reasonAnd a new day will dawnFor those who stand longAnd the forests will echo with laughterRemember laughter?Oh yeah yeah yeah yeah yeah yeah yeah yeahYeah yeah yeah yeah,https://www.last.fm/music/Led+Zeppelin/_/Stairway+to+Heaven/+lyrics,rock
Led Zeppelin,Stairway to Heaven,And it makes me wonderWait a minute,https://www.last.fm/music/Led+Zeppelin/_/Stairway+to+Heaven/+lyrics,rock
Led Zeppelin,Stairway to Heaven,"If there's a bustle in your hedgerowDon't be alarmed nowIt's just a spring clean for the May QueenYes, there are two paths you can go byBut in the long runThere's still time to change the road you're onOh oh oh oh oh really really really really really really",https://www.last.fm/music/Led+Zeppelin/_/Stairway+to+Heaven/+lyrics,rock
Led Zeppelin,Stairway to Heaven,"Your head is hummin' and it won't goBecause you don't knowThe piper's calling you to join himDear lady, can you hear the wind blowAnd did you knowYour stairway lies on the whispering windOh oh",https://www.last.fm/music/Led+Zeppelin/_/Stairway+to+Heaven/+lyrics,rock
Led Zeppelin,Stairway to Heaven,"And as we wind on down the roadOur shadows taller than our soulsThere walks a lady we all know, yeahWho shines white light and wants to showHow everything still turns to goldAnd if you listen very hardThe tune will come to you at last, yeahWhen all is one and one is all, that's what it isTo be a rock and not to roll, yeah",https://www.last.fm/music/Led+Zeppelin/_/Stairway+to+Heaven/+lyrics,rock
Led Zeppelin,Stairway to Heaven,And she's buying a stairway to Heaven,https://www.last.fm/music/Led+Zeppelin/_/Stairway+to+Heaven/+lyrics,rock
Red Hot Chili Peppers,Californication,"Psychic spies from China try to steal your mind's elationAnd little girls from Sweden dream of silver screen quotationAnd if you want these kind of dreams, it's Californication",https://www.last.fm/music/Red+Hot+Chili+Peppers/_/Californication/+lyrics,rock
Red Hot Chili Peppers,Californication,"It's the edge of the world and all of western civilizationThe sun may rise in the East, at least it's settled in the final locationIt's understood that Hollywood sells Californication",https://www.last.fm/music/Red+Hot+Chili+Peppers/_/Californication/+lyrics,rock
Red Hot Chili Peppers,Californication,"Pay your surgeon very well to break the spell of agingCelebrity skin, is this your chin, or is that war you're waging?First-born unicornHardcore soft porn",https://www.last.fm/music/Red+Hot+Chili+Peppers/_/Californication/+lyrics,rock
Red Hot Chili Peppers,Californication,Dream of CalifornicationDream of CalifornicationDream of CalifornicationDream of Californication,https://www.last.fm/music/Red+Hot+Chili+Peppers/_/Californication/+lyrics,rock
Red Hot Chili Peppers,Californication,"Marry me girl, be my fairy to the world, be my very own constellationA teenage bride with a baby inside, gettin' high on informationAnd buy me a star on the boulevard, it's Californication",https://www.last.fm/music/Red+Hot+Chili+Peppers/_/Californication/+lyrics,rock
Red Hot Chili Peppers,Californication,"Space may be the final frontier, but it's made in a Hollywood basementAnd Cobain, can you hear the spheres, singing songs off station to station?And Alderaan's not far away, it's Californication",https://www.last.fm/music/Red+Hot+Chili+Peppers/_/Californication/+lyrics,rock
Red Hot Chili Peppers,Californication,"Born and raised by those who praise control of populationWell, everybody's been there, and I don't mean on vacationFirst-born unicornHardcore soft porn",https://www.last.fm/music/Red+Hot+Chili+Peppers/_/Californication/+lyrics,rock
Red Hot Chili Peppers,Californication,Dream of CalifornicationDream of CalifornicationDream of CalifornicationDream of Californication,https://www.last.fm/music/Red+Hot+Chili+Peppers/_/Californication/+lyrics,rock
Red Hot Chili Peppers,Californication,"Destruction leads to a very rough road, but it also breeds creationAnd earthquakes are to a girl's guitar, they're just another good vibrationAnd tidal waves couldn't save the world from Californication",https://www.last.fm/music/Red+Hot+Chili+Peppers/_/Californication/+lyrics,rock
Red Hot Chili Peppers,Californication,"Pay your surgeon very well to break the spell of agingSicker than the rest, there is no test, but this is what you're cravingFirst-born unicornHardcore soft porn",https://www.last.fm/music/Red+Hot+Chili+Peppers/_/Californication/+lyrics,rock
Red Hot Chili Peppers,Californication,Dream of CalifornicationDream of CalifornicationDream of CalifornicationDream of Californication,https://www.last.fm/music/Red+Hot+Chili+Peppers/_/Californication/+lyrics,rock
The Killers,Somebody Told Me,"Breaking my back just to know your nameSeventeen tracks, and I've had it with this gameA-breaking my back just to know your nameBut heaven ain't close in a place like thisAnything goes, but don't blink, you might miss'Cause heaven ain't close in a place like thisI said, a-heaven ain't close in a place like thisBring it back down, bring it back down tonight(Ooh, ooh, ooh)Never thought I'd let a rumor ruin my moonlight",https://www.last.fm/music/The+Killers/_/Somebody+Told+Me/+lyrics,rock
The Killers,Somebody Told Me,"Well, somebody told me you had a boyfriendWho looked like a girlfriendThat I had in February of last yearIt's not confidential, I've got potential",https://www.last.fm/music/The+Killers/_/Somebody+Told+Me/+lyrics,rock
The Killers,Somebody Told Me,"Ready let's roll onto something newTaking it's toll, then I'm leaving without you'Cause heaven ain't close in a place like thisI said, a-heaven ain't close in a place like thisBring it back down, bring it back down tonight(Ooh, ooh ooh)Never thought I'd let a rumor ruin my moonlight",https://www.last.fm/music/The+Killers/_/Somebody+Told+Me/+lyrics,rock
The Killers,Somebody Told Me,"Well, somebody told me you had a boyfriendWho looked like a girlfriendThat I had in February of last yearIt's not confidential, I've got potentialA-rushing, a-rushing around",https://www.last.fm/music/The+Killers/_/Somebody+Told+Me/+lyrics,rock
The Killers,Somebody Told Me,"Pace yourself for me (For me)I said maybe, baby, pleaseBut I just don't know now (Baby, baby)When all I want to do is try",https://www.last.fm/music/The+Killers/_/Somebody+Told+Me/+lyrics,rock
The Killers,Somebody Told Me,"Well, somebody told me you had a boyfriendWho looked like a girlfriendThat I had in February of last yearIt's not confidential, I've got potentialA-rushing, a-rushing around",https://www.last.fm/music/The+Killers/_/Somebody+Told+Me/+lyrics,rock
The Killers,Somebody Told Me,"Somebody told me you had a boyfriendWho looked like a girlfriendThat I had in February of last yearIt's not confidential, I've got potentialA-rushing, a-rushing around",https://www.last.fm/music/The+Killers/_/Somebody+Told+Me/+lyrics,rock
The Killers,Somebody Told Me,"Somebody told me you had a boyfriendWho looked like a girlfriendThat I had in February of last yearIt's not confidential, I've got potentialA-rushing, a-rushing around",https://www.last.fm/music/The+Killers/_/Somebody+Told+Me/+lyrics,rock
Nirvana,Come as You Are,"Come as you are, as you wereAs I want you to beAs a friend, as a friendAs an old enemy",https://www.last.fm/music/Nirvana/_/Come+as+You+Are/+lyrics,rock
Nirvana,Come as You Are,"Take your time, hurry upChoice is yours, don't be lateTake a rest as a friendAs an old memoria",https://www.last.fm/music/Nirvana/_/Come+as+You+Are/+lyrics,rock
Nirvana,Come as You Are,MemoriaMemoriaMemoria,https://www.last.fm/music/Nirvana/_/Come+as+You+Are/+lyrics,rock
Nirvana,Come as You Are,"Come doused in mud, soaked in bleachAs I want you to beAs a trend, as a friendAs an old memoria",https://www.last.fm/music/Nirvana/_/Come+as+You+Are/+lyrics,rock
Nirvana,Come as You Are,MemoriaMemoriaMemoria,https://www.last.fm/music/Nirvana/_/Come+as+You+Are/+lyrics,rock
Nirvana,Come as You Are,"And I swear that I don't have a gunNo, I don't have a gunNo, I don't have a gun",https://www.last.fm/music/Nirvana/_/Come+as+You+Are/+lyrics,rock
Nirvana,Come as You Are,"MemoriaMemoriaMemoria (No, I don't have a gun)",https://www.last.fm/music/Nirvana/_/Come+as+You+Are/+lyrics,rock
Nirvana,Come as You Are,"And I swear that I don't have a gunNo, I don't have a gunNo, I don't have a gunNo, I don't have a gunNo, I don't have a gun",https://www.last.fm/music/Nirvana/_/Come+as+You+Are/+lyrics,rock
Nirvana,Come as You Are,MemoriaMemoria,https://www.last.fm/music/Nirvana/_/Come+as+You+Are/+lyrics,rock
Queen,Bohemian Rhapsody,"Is this the real life? Is this just fantasy?Caught in a landslide, no escape from realityOpen your eyes, look up to the skies and seeI'm just a poor boy, I need no sympathyBecause I'm easy come, easy go, little high, little lowAny way the wind blows doesn't really matter to me, to me",https://www.last.fm/music/Queen/_/Bohemian+Rhapsody/+lyrics,rock
Queen,Bohemian Rhapsody,"Mama, just killed a manPut a gun against his head, pulled my trigger, now he's deadMama, life had just begunBut now I've gone and thrown it all awayMama, ooh, didn't mean to make you cryIf I'm not back again this time tomorrowCarry on, carry on as if nothing really matters",https://www.last.fm/music/Queen/_/Bohemian+Rhapsody/+lyrics,rock
Queen,Bohemian Rhapsody,"Too late, my time has comeSends shivers down my spine, body's aching all the timeGoodbye, everybody, I've got to goGotta leave you all behind and face the truthMama, ooh (any way the wind blows)I don't wanna dieI sometimes wish I'd never been born at all",https://www.last.fm/music/Queen/_/Bohemian+Rhapsody/+lyrics,rock
Queen,Bohemian Rhapsody,"I see a little silhouetto of a manScaramouche, Scaramouche, will you do the Fandango?Thunderbolt and lightning, very, very frightening me(Galileo) Galileo, (Galileo) Galileo, Galileo Figaro, magnificoBut I'm just a poor boy, nobody loves meHe's just a poor boy from a poor familySpare him his life from this monstrosity",https://www.last.fm/music/Queen/_/Bohemian+Rhapsody/+lyrics,rock
Queen,Bohemian Rhapsody,"Easy come, easy go, will you let me go?بِسْمِ ٱللَّٰهِNo, we will not let you go (let him go)بِسْمِ ٱللَّٰهِWe will not let you go (let him go)بِسْمِ ٱللَّٰهِWe will not let you go (let me go)Will not let you go (let me go)Never, never, never, never let me goNo, no, no, no, no, no, no",https://www.last.fm/music/Queen/_/Bohemian+Rhapsody/+lyrics,rock
Queen,Bohemian Rhapsody,"Oh, mamma mia, mamma miaMamma mia, let me goBeelzebub has a devil put aside for me, for me, for me",https://www.last.fm/music/Queen/_/Bohemian+Rhapsody/+lyrics,rock
Queen,Bohemian Rhapsody,"So you think you can stone me and spit in my eye?So you think you can love me and leave me to die?Oh, baby, can't do this to me, babyJust gotta get out, just gotta get right outta here",https://www.last.fm/music/Queen/_/Bohemian+Rhapsody/+lyrics,rock
Queen,Bohemian Rhapsody,"OohOoh, yeah, ooh, yeah",https://www.last.fm/music/Queen/_/Bohemian+Rhapsody/+lyrics,rock
Queen,Bohemian Rhapsody,"Nothing really matters, anyone can seeNothing really mattersNothing really matters to me",https://www.last.fm/music/Queen/_/Bohemian+Rhapsody/+lyrics,rock
Queen,Bohemian Rhapsody,(Any way the wind blows),https://www.last.fm/music/Queen/_/Bohemian+Rhapsody/+lyrics,rock
Green Day,Boulevard of Broken Dreams,"I walk a lonely roadThe only one that I have ever knownDon't know where it goesBut it's home to me, and I walk alone",https://www.last.fm/music/Green+Day/_/Boulevard+of+Broken+Dreams/+lyrics,rock
Green Day,Boulevard of Broken Dreams,"I walk this empty streetOn the Boulevard of Broken DreamsWhere the city sleepsAnd I'm the only one, and I walk alone",https://www.last.fm/music/Green+Day/_/Boulevard+of+Broken+Dreams/+lyrics,rock
Green Day,Boulevard of Broken Dreams,"I walk alone, I walk aloneI walk alone, I walk a-",https://www.last.fm/music/Green+Day/_/Boulevard+of+Broken+Dreams/+lyrics,rock
Green Day,Boulevard of Broken Dreams,"My shadow's the only one that walks beside meMy shallow heart's the only thing that's beatingSometimes, I wish someone out there will find me'Til then, I walk alone",https://www.last.fm/music/Green+Day/_/Boulevard+of+Broken+Dreams/+lyrics,rock
Green Day,Boulevard of Broken Dreams,"Ah-ah, ah-ah, ah-ah, ah-ahAh-ah, ah-ah, ah-ah",https://www.last.fm/music/Green+Day/_/Boulevard+of+Broken+Dreams/+lyrics,rock
Green Day,Boulevard of Broken Dreams,"I'm walking down the lineThat divides me somewhere in my mindOn the borderlineOf the edge, and where I walk alone",https://www.last.fm/music/Green+Day/_/Boulevard+of+Broken+Dreams/+lyrics,rock
Green Day,Boulevard of Broken Dreams,"Read between the linesWhat's fucked up, and everything's alrightCheck my vital signsTo know I'm still alive, and I walk alone",https://www.last.fm/music/Green+Day/_/Boulevard+of+Broken+Dreams/+lyrics,rock
Green Day,Boulevard of Broken Dreams,"I walk alone, I walk aloneI walk alone, I walk a-",https://www.last.fm/music/Green+Day/_/Boulevard+of+Broken+Dreams/+lyrics,rock
Green Day,Boulevard of Broken Dreams,"My shadow's the only one that walks beside meMy shallow heart's the only thing that's beatingSometimes, I wish someone out there will find me'Til then, I walk alone",https://www.last.fm/music/Green+Day/_/Boulevard+of+Broken+Dreams/+lyrics,rock
Green Day,Boulevard of Broken Dreams,"Ah-ah, ah-ah, ah-ah, ah-ahAh-ah, ah-ah, I walk alone, I walk a-",https://www.last.fm/music/Green+Day/_/Boulevard+of+Broken+Dreams/+lyrics,rock
Green Day,Boulevard of Broken Dreams,"I walk this empty streetOn the Boulevard of Broken DreamsWhere the city sleepsAnd I'm the only one, and I walk a-",https://www.last.fm/music/Green+Day/_/Boulevard+of+Broken+Dreams/+lyrics,rock
Green Day,Boulevard of Broken Dreams,"My shadow's the only one that walks beside meMy shallow heart's the only thing that's beatingSometimes, I wish someone out there will find me'Til then, I walk alone",https://www.last.fm/music/Green+Day/_/Boulevard+of+Broken+Dreams/+lyrics,rock
Red Hot Chili Peppers,Dani California,Gettin' born in the state of MississippiPapa was a copper and mama was a hippieIn Alabama she would swing a hammerPrice you gotta pay when you break the panoramaShe never knew that there was anything more than poorWhat in the world? What does your company take me for?,https://www.last.fm/music/Red+Hot+Chili+Peppers/_/Dani+California/+lyrics,rock
Red Hot Chili Peppers,Dani California,"Black bandana, sweet LouisianaRobbin' on a bank in the state of IndianaShe's a runner, rebel and a stunnerOn her merry way sayin' baby whatcha gonna?Lookin' down the barrel of a hot metal forty-fiveJust another way to survive",https://www.last.fm/music/Red+Hot+Chili+Peppers/_/Dani+California/+lyrics,rock
Red Hot Chili Peppers,Dani California,"California, rest in peaceSimultaneous releaseCalifornia, show your teethShe's my priestess, I'm your priestYeah, yeah",https://www.last.fm/music/Red+Hot+Chili+Peppers/_/Dani+California/+lyrics,rock
Red Hot Chili Peppers,Dani California,"She's a lover, baby and a fighterShoulda seen her coming when it got a little brighterWith a name like Dani CaliforniaDay was gonna come when I was gonna mourn yaA little loaded, she was stealin' another breathI loved my baby to death",https://www.last.fm/music/Red+Hot+Chili+Peppers/_/Dani+California/+lyrics,rock
Red Hot Chili Peppers,Dani California,"California, rest in peaceSimultaneous releaseCalifornia, show your teethShe's my priestess, I'm your priest, yeah, yeah",https://www.last.fm/music/Red+Hot+Chili+Peppers/_/Dani+California/+lyrics,rock
Red Hot Chili Peppers,Dani California,"Who knew the other side of you?Who knew what others died to prove?Too true to say goodbye to youToo true to say, say, say",https://www.last.fm/music/Red+Hot+Chili+Peppers/_/Dani+California/+lyrics,rock
Red Hot Chili Peppers,Dani California,"Push the fader, gifted animatorOne for the now and eleven for the laterNever made it up to MinnesotaNorth Dakota man was a-gunnin' for the quotaDown in the badlands she was savin' the best for lastIt only hurts when I laugh",https://www.last.fm/music/Red+Hot+Chili+Peppers/_/Dani+California/+lyrics,rock
Red Hot Chili Peppers,Dani California,Gone too fast,https://www.last.fm/music/Red+Hot+Chili+Peppers/_/Dani+California/+lyrics,rock
Red Hot Chili Peppers,Dani California,"California, rest in peaceSimultaneous releaseCalifornia, show your teethShe's my priestess, I'm your priest, yeah, yeah",https://www.last.fm/music/Red+Hot+Chili+Peppers/_/Dani+California/+lyrics,rock
Red Hot Chili Peppers,Dani California,"California, rest in peaceSimultaneous releaseCalifornia, show your teethShe's my priestess, I'm your priest, yeah, yeah",https://www.last.fm/music/Red+Hot+Chili+Peppers/_/Dani+California/+lyrics,rock
The White Stripes,Seven Nation Army,I'm gonna fight 'em allA seven nation army couldn't hold me backThey're gonna rip it offTaking their time right behind my back,https://www.last.fm/music/The+White+Stripes/_/Seven+Nation+Army/+lyrics,rock
The White Stripes,Seven Nation Army,And I'm talking to myself at nightBecause I can't forgetBack and forth through my mindBehind a cigarette,https://www.last.fm/music/The+White+Stripes/_/Seven+Nation+Army/+lyrics,rock
The White Stripes,Seven Nation Army,And a message coming from my eyes says leave it alone,https://www.last.fm/music/The+White+Stripes/_/Seven+Nation+Army/+lyrics,rock
The White Stripes,Seven Nation Army,Don't wanna hear about itEvery single one's got a story to tellEveryone knows about itFrom the Queen of England to the hounds of Hell,https://www.last.fm/music/The+White+Stripes/_/Seven+Nation+Army/+lyrics,rock
The White Stripes,Seven Nation Army,And if I catch you coming back my wayI'm gonna serve it to youAnd that ain't what you want to hearBut that's what I'll do,https://www.last.fm/music/The+White+Stripes/_/Seven+Nation+Army/+lyrics,rock
The White Stripes,Seven Nation Army,And a feeling coming from my bones says find a home,https://www.last.fm/music/The+White+Stripes/_/Seven+Nation+Army/+lyrics,rock
The White Stripes,Seven Nation Army,I'm going to WichitaFar from this opera forevermoreI'm gonna work the strawMake the sweat drip out of every pore,https://www.last.fm/music/The+White+Stripes/_/Seven+Nation+Army/+lyrics,rock
The White Stripes,Seven Nation Army,And I'm bleeding and I'm bleedingAnd I'm bleeding right before the LordAll the words are gonna bleed from meAnd I will think no more,https://www.last.fm/music/The+White+Stripes/_/Seven+Nation+Army/+lyrics,rock
The White Stripes,Seven Nation Army,And the stains coming from my blood tell me go back home,https://www.last.fm/music/The+White+Stripes/_/Seven+Nation+Army/+lyrics,rock
U2,With or Without You,See the stone set in your eyesSee the thorn twist in your sideI'll wait for you,https://www.last.fm/music/U2/_/With+or+Without+You/+lyrics,rock
U2,With or Without You,Slight of hand and twist of fateOn a bed of nails she makes me waitAnd I'll wait without you,https://www.last.fm/music/U2/_/With+or+Without+You/+lyrics,rock
U2,With or Without You,With or without youWith or without you,https://www.last.fm/music/U2/_/With+or+Without+You/+lyrics,rock
U2,With or Without You,Through the storm we reach the shoreYou give it all but I want moreAnd I'm waiting for you,https://www.last.fm/music/U2/_/With+or+Without+You/+lyrics,rock
U2,With or Without You,Withor without youWith or without youI can't liveWith or without you,https://www.last.fm/music/U2/_/With+or+Without+You/+lyrics,rock
U2,With or Without You,"And you give yourself awayAnd you give yourself awayAnd you give, and you giveAnd you give yourself away",https://www.last.fm/music/U2/_/With+or+Without+You/+lyrics,rock
U2,With or Without You,"My hands are tiedMy body bruised, she got me withNothing to win and nothing left to loseAnd you give yourself away",https://www.last.fm/music/U2/_/With+or+Without+You/+lyrics,rock
U2,With or Without You,"And you give yourself awayAnd you give, and you giveAnd you give yourself away",https://www.last.fm/music/U2/_/With+or+Without+You/+lyrics,rock
U2,With or Without You,With or without youWith or without youI can't liveWith or without you,https://www.last.fm/music/U2/_/With+or+Without+You/+lyrics,rock
U2,With or Without You,"Oh, oh, ohOh, oh, ohOh, oh, ohOh, oh, oh",https://www.last.fm/music/U2/_/With+or+Without+You/+lyrics,rock
U2,With or Without You,"With or without youWith or without youI can't live, with or without youWith or without you",https://www.last.fm/music/U2/_/With+or+Without+You/+lyrics,rock
Red Hot Chili Peppers,Under the Bridge,"Sometimes I feel like I don't have a partnerSometimes I feel like my only friendIs the city I live in, the city of angelsLonely as I am, together we cry",https://www.last.fm/music/Red+Hot+Chili+Peppers/_/Under+the+Bridge/+lyrics,rock
Red Hot Chili Peppers,Under the Bridge,"I drive on her streets 'cause she's my companionI walk through her hills 'cause she knows who I amShe sees my good deeds and she kisses me windyI never worry, now that is a lie",https://www.last.fm/music/Red+Hot+Chili+Peppers/_/Under+the+Bridge/+lyrics,rock
Red Hot Chili Peppers,Under the Bridge,"I don't ever want to feel like I did that dayTake me to the place I love, take me all the wayI don't ever want to feel like I did that dayTake me to the place I love, take me all the wayOh yeah, said, take me all the way",https://www.last.fm/music/Red+Hot+Chili+Peppers/_/Under+the+Bridge/+lyrics,rock
Red Hot Chili Peppers,Under the Bridge,"It's hard to believe that there's nobody out thereHard to believe that I'm all aloneAt least I have her love, the city she loves meLonely as I am, together we cry",https://www.last.fm/music/Red+Hot+Chili+Peppers/_/Under+the+Bridge/+lyrics,rock
Red Hot Chili Peppers,Under the Bridge,"I don't ever want to feel like I did that dayTake me to the place I love, take me all the wayWell, I don't ever want to feel like I did that dayTake me to the place I love, take me all the way, yeah, yeah, yeah",https://www.last.fm/music/Red+Hot+Chili+Peppers/_/Under+the+Bridge/+lyrics,rock
Red Hot Chili Peppers,Under the Bridge,"Love me, now, now yeah, yeahSave my soul(Under the bridge downtown)Is where I drew some blood(Under the bridge downtown)I could not get enough(Under the bridge downtown)Forgot about my love(Under the bridge downtown)I gave my life away",https://www.last.fm/music/Red+Hot+Chili+Peppers/_/Under+the+Bridge/+lyrics,rock
Red Hot Chili Peppers,Under the Bridge,"Yeah, yeah (ooh)Where I'll stay (ooh)Yeah, yeah, yeah, yeah (ooh)Where I'll stay",https://www.last.fm/music/Red+Hot+Chili+Peppers/_/Under+the+Bridge/+lyrics,rock
Muse,Starlight,Far awayThis ship is taking me far awayFar away from the memoriesOf the people who care if I live or die,https://www.last.fm/music/Muse/_/Starlight/+lyrics,rock
Muse,Starlight,StarlightI will be chasing a starlightUntil the end of my lifeI don't know if it's worth it anymore,https://www.last.fm/music/Muse/_/Starlight/+lyrics,rock
Muse,Starlight,Hold you in my armsI just wanted to holdYou in my arms,https://www.last.fm/music/Muse/_/Starlight/+lyrics,rock
Muse,Starlight,My lifeYou electrify my lifeLet's conspire to igniteAll the souls that would die just to feel alive,https://www.last.fm/music/Muse/_/Starlight/+lyrics,rock
Muse,Starlight,I'll never let you goIf you promise not to fade awayNever fade away,https://www.last.fm/music/Muse/_/Starlight/+lyrics,rock
Muse,Starlight,Our hopes and expectationsBlack holes and revelationsOur hopes and expectationsBlack holes and revelations,https://www.last.fm/music/Muse/_/Starlight/+lyrics,rock
Muse,Starlight,Hold you in my armsI just wanted to holdYou in my arms,https://www.last.fm/music/Muse/_/Starlight/+lyrics,rock
Muse,Starlight,Far awayThis ship is taking me far awayFar away from the memoriesOf the people who care if I live or die,https://www.last.fm/music/Muse/_/Starlight/+lyrics,rock
Muse,Starlight,I'll never let you goIf you promise not to fade awayNever fade away,https://www.last.fm/music/Muse/_/Starlight/+lyrics,rock
Muse,Starlight,"Our hopes and expectationsBlack holes and revelations, yeahOur hopes and expectationsBlack holes and revelations",https://www.last.fm/music/Muse/_/Starlight/+lyrics,rock
Muse,Starlight,Hold you in my armsI just wanted to holdYou in my armsI just wanted to hold,https://www.last.fm/music/Muse/_/Starlight/+lyrics,rock
Coldplay,Viva la Vida,"I used to rule the worldSeas would rise when I gave the wordNow in the morning, I sleep aloneSweep the streets I used to own",https://www.last.fm/music/Coldplay/_/Viva+la+Vida/+lyrics,rock
Coldplay,Viva la Vida,"I used to roll the diceFeel the fear in my enemies' eyesListen as the crowd would sing""Now the old king is dead! Long live the king!""",https://www.last.fm/music/Coldplay/_/Viva+la+Vida/+lyrics,rock
Coldplay,Viva la Vida,"One minute, I held the keyNext, the walls were closed on meAnd I discovered that my castles standUpon pillars of salt and pillars of sand",https://www.last.fm/music/Coldplay/_/Viva+la+Vida/+lyrics,rock
Coldplay,Viva la Vida,"I hear Jerusalem bells a-ringingRoman Calvary choirs are singingBe my mirror, my sword, and shieldMy missionaries in a foreign field",https://www.last.fm/music/Coldplay/_/Viva+la+Vida/+lyrics,rock
Coldplay,Viva la Vida,"For some reason I can't explainOnce you go, there was neverNever an honest wordAnd that was when I ruled the world",https://www.last.fm/music/Coldplay/_/Viva+la+Vida/+lyrics,rock
Coldplay,Viva la Vida,It was the wicked and wild windBlew down the doors to let me inShattered windows and the sound of drumsPeople couldn't believe what I'd become,https://www.last.fm/music/Coldplay/_/Viva+la+Vida/+lyrics,rock
Coldplay,Viva la Vida,"Revolutionaries waitFor my head on a silver plateJust a puppet on a lonely stringAw, who would ever wanna be king?",https://www.last.fm/music/Coldplay/_/Viva+la+Vida/+lyrics,rock
Coldplay,Viva la Vida,"I hear Jerusalem bells a-ringingRoman Calvary choirs are singingBe my mirror, my sword and shieldMy missionaries in a foreign field",https://www.last.fm/music/Coldplay/_/Viva+la+Vida/+lyrics,rock
Coldplay,Viva la Vida,For some reason I can't explainI know Saint Peter won't call my nameNever an honest wordBut that was when I ruled the world,https://www.last.fm/music/Coldplay/_/Viva+la+Vida/+lyrics,rock
Coldplay,Viva la Vida,"Whoa-oh-oh, oh-oh, ohWhoa-oh-oh, oh-oh, ohWhoa-oh-oh, oh-oh, ohWhoa-oh-oh, oh-oh, ohWhoa-oh-oh, oh-oh, oh",https://www.last.fm/music/Coldplay/_/Viva+la+Vida/+lyrics,rock
Coldplay,Viva la Vida,"(Whoa-oh-oh, oh-oh, oh) I hear Jerusalem bells a-ringing(Whoa-oh-oh, oh-oh, oh) Roman Calvary choirs are singing(Whoa-oh-oh, oh-oh, oh) be my mirror, my sword and shield(Whoa-oh-oh, oh-oh, oh) my missionaries in a foreign field",https://www.last.fm/music/Coldplay/_/Viva+la+Vida/+lyrics,rock
Coldplay,Viva la Vida,"(Whoa-oh-oh, oh-oh, oh) for some reason I can't explain(Whoa-oh-oh, oh-oh, oh) I know Saint Peter won't call my nameNever an honest wordBut that was when I ruled the world",https://www.last.fm/music/Coldplay/_/Viva+la+Vida/+lyrics,rock
Coldplay,Viva la Vida,"Mmm, mmm, mmm, mmmMmm, mmm, mmm, mmmMmm, mmm, mmm, mmm...",https://www.last.fm/music/Coldplay/_/Viva+la+Vida/+lyrics,rock
Evanescence,Bring Me to Life,How can you see into my eyes like open doorsLeading you down into my coreWhere I've become so numb without a soulMy spirit sleeping somewhere coldUntil you find it there and lead it back home,https://www.last.fm/music/Evanescence/_/Bring+Me+to+Life/+lyrics,rock
Evanescence,Bring Me to Life,(Wake me up) Wake me up inside(I can't wake up) Wake me up inside(Save me) Call my name and save me from the dark(Wake me up) Bid my blood to run(I can't wake up) Before I come undone(Save me) Save me from the nothing I've become,https://www.last.fm/music/Evanescence/_/Bring+Me+to+Life/+lyrics,rock
Evanescence,Bring Me to Life,Now that I know what I'm withoutYou can't just leave meBreathe into me and make me realBring me to life,https://www.last.fm/music/Evanescence/_/Bring+Me+to+Life/+lyrics,rock
Evanescence,Bring Me to Life,"(Wake me up) Wake me up inside(I can't wake up) Wake me up inside(Save me) Call my name and save me from the dark(Wake me up) Bid my blood to run(I can't wake up) Before I come undone(Save me) Save me from the nothing I've becomeBring me to life (I've been living a lie, there's nothing inside)Bring me to life",https://www.last.fm/music/Evanescence/_/Bring+Me+to+Life/+lyrics,rock
Evanescence,Bring Me to Life,"Frozen inside without your touch, without your loveDarling, only you are the life among the dead",https://www.last.fm/music/Evanescence/_/Bring+Me+to+Life/+lyrics,rock
Evanescence,Bring Me to Life,"(All this time I can't believe I couldn't seeKept in the dark but you were there in front of me)I've been sleeping a thousand years, it seemsGot to open my eyes to everything(Without a thought, without a voice, without a soul)Don't let me die here (There must be something more)Bring me to life",https://www.last.fm/music/Evanescence/_/Bring+Me+to+Life/+lyrics,rock
Evanescence,Bring Me to Life,"(Wake me up) Wake me up inside(I can't wake up) Wake me up inside(Save me) Call my name and save me from the dark(Wake me up) Bid my blood to run(I can't wake up) Before I come undone(Save me) Save me from the nothing I've becomeBring me to life (I've been living a lie, there's nothing inside)Bring me to life",https://www.last.fm/music/Evanescence/_/Bring+Me+to+Life/+lyrics,rock
Muse,Supermassive Black Hole,"Ooh, baby, don't you know I suffer?Ooh, baby, can you hear me moan?You caught me under false pretensesHow long before you let me go?",https://www.last.fm/music/Muse/_/Supermassive+Black+Hole/+lyrics,rock
Muse,Supermassive Black Hole,You set my soul alightYou set my soul alight,https://www.last.fm/music/Muse/_/Supermassive+Black+Hole/+lyrics,rock
Muse,Supermassive Black Hole,(You) Glaciers melting in the dead of nightAnd the superstars sucked into the supermassive (Set my soul alight),https://www.last.fm/music/Muse/_/Supermassive+Black+Hole/+lyrics,rock
Muse,Supermassive Black Hole,(You) glaciers melting in the dead of nightAnd the superstars sucked into the supermassive (Set my soul),https://www.last.fm/music/Muse/_/Supermassive+Black+Hole/+lyrics,rock
Muse,Supermassive Black Hole,"I thought I was a fool for no oneBut mmh, baby I'm a fool for youYou're the queen of the superficialAnd how long before you tell the truth?",https://www.last.fm/music/Muse/_/Supermassive+Black+Hole/+lyrics,rock
Muse,Supermassive Black Hole,You set my soul alightYou set my soul alight,https://www.last.fm/music/Muse/_/Supermassive+Black+Hole/+lyrics,rock
Muse,Supermassive Black Hole,(You) Glaciers melting in the dead of nightAnd the superstars sucked into the supermassive (Set my soul alight),https://www.last.fm/music/Muse/_/Supermassive+Black+Hole/+lyrics,rock
Muse,Supermassive Black Hole,(You) glaciers melting in the dead of nightAnd the superstars sucked into the supermassive (Set my soul),https://www.last.fm/music/Muse/_/Supermassive+Black+Hole/+lyrics,rock
Muse,Supermassive Black Hole,Supermassive black holeSupermassive black holeSupermassive black holeSupermassive black hole,https://www.last.fm/music/Muse/_/Supermassive+Black+Hole/+lyrics,rock
Muse,Supermassive Black Hole,Glaciers melting in the dead of nightAnd the superstars sucked into the supermassiveGlaciers melting in the dead of nightAnd the superstars sucked into the supermassive,https://www.last.fm/music/Muse/_/Supermassive+Black+Hole/+lyrics,rock
Muse,Supermassive Black Hole,(You) Glaciers melting in the dead of nightAnd the superstars sucked into the supermassive (Set my soul alight)(You) Glaciers melting in the dead of nightAnd the superstars sucked into the supermassive (Set my soul),https://www.last.fm/music/Muse/_/Supermassive+Black+Hole/+lyrics,rock
Muse,Supermassive Black Hole,Supermassive black holeSupermassive black holeSupermassive black holeSupermassive black hole,https://www.last.fm/music/Muse/_/Supermassive+Black+Hole/+lyrics,rock
Franz Ferdinand,Take Me Out,"So if you're lonely, you know I'm here waiting for youI'm just a cross-hair, I'm just a shot away from youAnd if you leave here, you leave me broken shattered I lieI'm just a cross-hair, I'm just a shot then we can die",https://www.last.fm/music/Franz+Ferdinand/_/Take+Me+Out/+lyrics,rock
Franz Ferdinand,Take Me Out,I know I won't be leaving here with you,https://www.last.fm/music/Franz+Ferdinand/_/Take+Me+Out/+lyrics,rock
Franz Ferdinand,Take Me Out,"I say, don't you know?You say, you don't knowI say, take me out!I say, you don't showDon't move, time is slowI say, take me out!",https://www.last.fm/music/Franz+Ferdinand/_/Take+Me+Out/+lyrics,rock
Franz Ferdinand,Take Me Out,"Well I say, you don't know?You say, you don't goI say, take me out!",https://www.last.fm/music/Franz+Ferdinand/_/Take+Me+Out/+lyrics,rock
Franz Ferdinand,Take Me Out,"If I move, this could dieEyes move, this can dieI want you to take me out",https://www.last.fm/music/Franz+Ferdinand/_/Take+Me+Out/+lyrics,rock
Franz Ferdinand,Take Me Out,I know I won't be leaving hereI know I won't be leaving hereI know I won't be leaving hereI know I won't be leaving here with you,https://www.last.fm/music/Franz+Ferdinand/_/Take+Me+Out/+lyrics,rock
Franz Ferdinand,Take Me Out,"I say, don't you know?You say, you don't knowI say, take me out!",https://www.last.fm/music/Franz+Ferdinand/_/Take+Me+Out/+lyrics,rock
Franz Ferdinand,Take Me Out,"If I wane, this could dieI wait, this could dieI want you to take me outIf I move, this could dieEyes move, this can dieCome on, take me out",https://www.last.fm/music/Franz+Ferdinand/_/Take+Me+Out/+lyrics,rock
Franz Ferdinand,Take Me Out,I know I won't be leaving hereI know I won't be leaving hereI know I won't be leaving hereI know I won't be leaving here with you,https://www.last.fm/music/Franz+Ferdinand/_/Take+Me+Out/+lyrics,rock
U2,Beautiful Day,The heart is a bloomShoots up through the stony groundThere's no roomNo space to rent in this town,https://www.last.fm/music/U2/_/Beautiful+Day/+lyrics,rock
U2,Beautiful Day,You're out of luckAnd the reason that you had to careThe traffic is stuckAnd you're not moving anywhere,https://www.last.fm/music/U2/_/Beautiful+Day/+lyrics,rock
U2,Beautiful Day,You thought you'd found a friendTo take you out of this placeSomeone you could lend a handIn return for grace,https://www.last.fm/music/U2/_/Beautiful+Day/+lyrics,rock
U2,Beautiful Day,"It's a beautiful daySky falls, you feel likeIt's a beautiful dayDon't let it get away",https://www.last.fm/music/U2/_/Beautiful+Day/+lyrics,rock
U2,Beautiful Day,You're on the roadBut you've got no destinationYou're in the mudIn the maze of her imagination,https://www.last.fm/music/U2/_/Beautiful+Day/+lyrics,rock
U2,Beautiful Day,You're lovin' this townEven if that doesn't ring trueYou've been all overAnd it's been all over you,https://www.last.fm/music/U2/_/Beautiful+Day/+lyrics,rock
U2,Beautiful Day,"It's a beautiful dayDon't let it get awayIt's a beautiful day, ooh",https://www.last.fm/music/U2/_/Beautiful+Day/+lyrics,rock
U2,Beautiful Day,Touch meTake me to that other placeTeach meI know I'm not a hopeless case,https://www.last.fm/music/U2/_/Beautiful+Day/+lyrics,rock
U2,Beautiful Day,See the world in green and blueSee China right in front of youSee the canyons broken by cloudSee the tuna fleets clearing the sea outSee the Bedouin fires at nightSee the oil fields at first light andSee the bird with a leaf in her mouthAfter the flood all the colors came out,https://www.last.fm/music/U2/_/Beautiful+Day/+lyrics,rock
U2,Beautiful Day,It was a beautiful dayDon't let it get awayBeautiful day,https://www.last.fm/music/U2/_/Beautiful+Day/+lyrics,rock
U2,Beautiful Day,Touch meTake me to that other placeReach meI know I'm not a hopeless case,https://www.last.fm/music/U2/_/Beautiful+Day/+lyrics,rock
U2,Beautiful Day,What you don't have you don't need it nowWhat you don't know you can feel it somehowWhat you don't have you don't need it nowDon't need it now,https://www.last.fm/music/U2/_/Beautiful+Day/+lyrics,rock
U2,Beautiful Day,It was a beautiful day,https://www.last.fm/music/U2/_/Beautiful+Day/+lyrics,rock
Foo Fighters,The Pretender,Keep you in the darkYou know they all pretendKeep you in the darkAnd so it all began,https://www.last.fm/music/Foo+Fighters/_/The+Pretender/+lyrics,rock
Foo Fighters,The Pretender,"Send in your skeletonsSing as their bones go marching in, againThey need you buried deepThe secrets that you keep are ever readyAre you ready?",https://www.last.fm/music/Foo+Fighters/_/The+Pretender/+lyrics,rock
Foo Fighters,The Pretender,I'm finished making senseDone pleading ignoranceThat whole defense,https://www.last.fm/music/Foo+Fighters/_/The+Pretender/+lyrics,rock
Foo Fighters,The Pretender,"Spinning infinity, boyBut the wheel is spinning meIt's never-ending, never-endingSame old story",https://www.last.fm/music/Foo+Fighters/_/The+Pretender/+lyrics,rock
Foo Fighters,The Pretender,What if I say I'm not like the others?What if I say I'm not just another one of your plays?You're the pretenderWhat if I say that I will never surrender?,https://www.last.fm/music/Foo+Fighters/_/The+Pretender/+lyrics,rock
Foo Fighters,The Pretender,What if I say I'm not like the others?What if I say I'm not just another one of your plays?You're the pretenderWhat if I say that I'll never surrender?,https://www.last.fm/music/Foo+Fighters/_/The+Pretender/+lyrics,rock
Foo Fighters,The Pretender,"In time, our soul untoldI'm just another soul for sale, oh wellThe page is out of print",https://www.last.fm/music/Foo+Fighters/_/The+Pretender/+lyrics,rock
Foo Fighters,The Pretender,"We are not permanentWe're temporary, temporarySame old story",https://www.last.fm/music/Foo+Fighters/_/The+Pretender/+lyrics,rock
Foo Fighters,The Pretender,What if I say I'm not like the others?What if I say I'm not just another one of your plays?You're the pretenderWhat if I say that I'll never surrender?,https://www.last.fm/music/Foo+Fighters/_/The+Pretender/+lyrics,rock
Foo Fighters,The Pretender,What if I say I'm not like the others?What if I say I'm not just another one of your plays?You're the pretenderWhat if I say I will never surrender?,https://www.last.fm/music/Foo+Fighters/_/The+Pretender/+lyrics,rock
Foo Fighters,The Pretender,I'm the voice inside your headYou refuse to hearI'm the face that you have to faceMirroring your stare,https://www.last.fm/music/Foo+Fighters/_/The+Pretender/+lyrics,rock
Foo Fighters,The Pretender,"I'm what's left, I'm what's rightI'm the enemyI'm the hand that'll take you downBring you to your knees",https://www.last.fm/music/Foo+Fighters/_/The+Pretender/+lyrics,rock
Foo Fighters,The Pretender,"So, who are you?Yeah, who are you?Yeah, who are you?Yeah, who are you?",https://www.last.fm/music/Foo+Fighters/_/The+Pretender/+lyrics,rock
Foo Fighters,The Pretender,Keep you in the darkYou know they all pretend,https://www.last.fm/music/Foo+Fighters/_/The+Pretender/+lyrics,rock
Foo Fighters,The Pretender,What if I say I'm not like the others?What if I say I'm not just another one of your plays?You're the pretenderWhat if I say I will never surrender?,https://www.last.fm/music/Foo+Fighters/_/The+Pretender/+lyrics,rock
Foo Fighters,The Pretender,What if I say I'm not like the others?What if I say I'm not just another one of your plays?You're the pretenderWhat if I say that I'll never surrender?,https://www.last.fm/music/Foo+Fighters/_/The+Pretender/+lyrics,rock
Foo Fighters,The Pretender,What if I say you're not like the others? (Keep you in the dark)What if I say I'm not just another one of your plays? (You know they all)You're the pretender (Pretend)What if I say I will never surrender?,https://www.last.fm/music/Foo+Fighters/_/The+Pretender/+lyrics,rock
Foo Fighters,The Pretender,What if I say I'm not like the others? (Keep you in the dark)What if I say I'm not just another one of your plays? (You know they all)You're the pretender (Pretend)What if I say I will never surrender?,https://www.last.fm/music/Foo+Fighters/_/The+Pretender/+lyrics,rock
Foo Fighters,The Pretender,"Yeah, who are you?Yeah, who are you?Yeah, who are you?",https://www.last.fm/music/Foo+Fighters/_/The+Pretender/+lyrics,rock
The Rolling Stones,Paint It Black,I see a red doorAnd I want it painted blackNo colors anymoreI want them to turn black,https://www.last.fm/music/The+Rolling+Stones/_/Paint+It+Black/+lyrics,rock
The Rolling Stones,Paint It Black,I see the girls walk byDressed in their summer clothesI have to turn my headUntil my darkness goes,https://www.last.fm/music/The+Rolling+Stones/_/Paint+It+Black/+lyrics,rock
The Rolling Stones,Paint It Black,I see a line of carsAnd they're all painted blackWith flowers and my loveBoth never to come back,https://www.last.fm/music/The+Rolling+Stones/_/Paint+It+Black/+lyrics,rock
The Rolling Stones,Paint It Black,I've seen people turn their headsAnd quickly look awayLike a newborn babyIt just happens everyday,https://www.last.fm/music/The+Rolling+Stones/_/Paint+It+Black/+lyrics,rock
The Rolling Stones,Paint It Black,I look inside myselfAnd see my heart is blackI see my red doorI must have it painted black,https://www.last.fm/music/The+Rolling+Stones/_/Paint+It+Black/+lyrics,rock
The Rolling Stones,Paint It Black,"Maybe then, I'll fade awayAnd not have to face the factsIt's not easy facing upWhen your whole world is black",https://www.last.fm/music/The+Rolling+Stones/_/Paint+It+Black/+lyrics,rock
The Rolling Stones,Paint It Black,No more will my green seaGo turn a deeper blueI could not foresee this thingHappening to you,https://www.last.fm/music/The+Rolling+Stones/_/Paint+It+Black/+lyrics,rock
The Rolling Stones,Paint It Black,If I look hard enoughInto the setting sunMy love will laugh with meBefore the morning comes,https://www.last.fm/music/The+Rolling+Stones/_/Paint+It+Black/+lyrics,rock
The Rolling Stones,Paint It Black,I see a red doorAnd I want it painted blackNo colors anymoreI want them to turn black,https://www.last.fm/music/The+Rolling+Stones/_/Paint+It+Black/+lyrics,rock
The Rolling Stones,Paint It Black,I see the girls walk byDressed in their summer clothesI have to turn my headUntil my darkness goes,https://www.last.fm/music/The+Rolling+Stones/_/Paint+It+Black/+lyrics,rock
The Rolling Stones,Paint It Black,"I wanna see it paintedPainted blackBlack as nightBlack as coalI wanna see the sunBlotted out from the skyI wanna see it painted, painted, paintedPainted black, yeah",https://www.last.fm/music/The+Rolling+Stones/_/Paint+It+Black/+lyrics,rock
Coldplay,Clocks,"The lights go out, and I can't be savedTides that I tried to swim againstYou've put me down upon my kneesOh I beg, I beg and plead, singingCome out of things unsaidShoot an apple off my head, and aTrouble that can't be namedA tiger's waiting to be tamed, singing",https://www.last.fm/music/Coldplay/_/Clocks/+lyrics,rock
Coldplay,Clocks,You areYou are,https://www.last.fm/music/Coldplay/_/Clocks/+lyrics,rock
Coldplay,Clocks,"Confusion never stopsClosing walls and ticking clocks, gonnaCome back and take you homeI could not stop that you now know, singingCome out upon my seasCursed missed opportunities, am IA part of the cure?Or am I part of the disease? Singing",https://www.last.fm/music/Coldplay/_/Clocks/+lyrics,rock
Coldplay,Clocks,You areYou areYou areYou are,https://www.last.fm/music/Coldplay/_/Clocks/+lyrics,rock
Coldplay,Clocks,You areYou are,https://www.last.fm/music/Coldplay/_/Clocks/+lyrics,rock
Coldplay,Clocks,"And nothing else comparesOh, nothing else comparesAnd nothing else compares",https://www.last.fm/music/Coldplay/_/Clocks/+lyrics,rock
Coldplay,Clocks,You areYou are,https://www.last.fm/music/Coldplay/_/Clocks/+lyrics,rock
Coldplay,Clocks,"Home, homeWhere I wanted to goHome, homeWhere I wanted to goHome (you), homeWhere I wanted to go (are)Home (you), homeWhere I wanted to go (are)",https://www.last.fm/music/Coldplay/_/Clocks/+lyrics,rock
Eagles,Hotel California,"On a dark desert highwayCool wind in my hairWarm smell of colitas, rising up through the airUp ahead in the distanceI saw a shimmering lightHead grew heavy and my sight grew dimHad to stop for the night",https://www.last.fm/music/Eagles/_/Hotel+California/+lyrics,rock
Eagles,Hotel California,"There she stood in the doorwayHeard the mission bellI was thinking to myself, ""This could be heaven or this could be hell""Then she lit up a candleShe showed me the wayThere were voices down the corridorThought I heard them say",https://www.last.fm/music/Eagles/_/Hotel+California/+lyrics,rock
Eagles,Hotel California,Welcome to the Hotel CaliforniaSuch a lovely place(Such a lovely place)Such a lovely facePlenty of room at the Hotel CaliforniaAny time of year(Any time of year)You can find it here,https://www.last.fm/music/Eagles/_/Hotel+California/+lyrics,rock
Eagles,Hotel California,"Her mind is Tiffany twistedShe got the Mercedes Benz, uhShe got a lot of pretty-pretty boys, that she calls friendsHow they dance in the courtyard, sweet summer sweatSome dance to rememberSome dance to forget",https://www.last.fm/music/Eagles/_/Hotel+California/+lyrics,rock
Eagles,Hotel California,"So I called up the captainPlease bring me my wineHe saidWe haven't had that spirit here since 1969""And still those voices are calling from far awayWake you up in the middle of the nightJust to hear them say",https://www.last.fm/music/Eagles/_/Hotel+California/+lyrics,rock
Eagles,Hotel California,Welcome to the Hotel CaliforniaSuch a lovely place(Such a lovely place)Such a lovely faceThey livin' it up at the Hotel CaliforniaWhat a nice surprise(What a nice surprise)Bring your alibis,https://www.last.fm/music/Eagles/_/Hotel+California/+lyrics,rock
Eagles,Hotel California,"Mirrors on the ceilingWith pink champagne on iceAnd she said""We are all just prisoners here of our own device""And in the master's chambers they gathered for the feastThey stab it with their steely knives, but they just can't kill the beast",https://www.last.fm/music/Eagles/_/Hotel+California/+lyrics,rock
Eagles,Hotel California,"Last thing I remember, I was running for the doorHad to find the passage back to the place I was before""Relax"", said the night man, ""We are programmed to receive""You can check out any time you like, but you can never leave",https://www.last.fm/music/Eagles/_/Hotel+California/+lyrics,rock
Nickelback,How You Remind Me,Never made it as a wise manI couldn't cut it as a poor man stealingTired of living like a blind manI'm sick of sight without a sense of feeling,https://www.last.fm/music/Nickelback/_/How+You+Remind+Me/+lyrics,rock
Nickelback,How You Remind Me,And this is how you remind meThis is how you remind meOf what I really amThis is how you remind meOf what I really am,https://www.last.fm/music/Nickelback/_/How+You+Remind+Me/+lyrics,rock
Nickelback,How You Remind Me,"It's not like you to say ""Sorry""I was waiting on a different storyThis time I'm mistakenFor handing you a heart worth breaking",https://www.last.fm/music/Nickelback/_/How+You+Remind+Me/+lyrics,rock
Nickelback,How You Remind Me,"And I've been wrong, I've been downBeen to the bottom of every bottleThese five words in my headScream ""Are we having fun yet?""",https://www.last.fm/music/Nickelback/_/How+You+Remind+Me/+lyrics,rock
Nickelback,How You Remind Me,"Yeah, yeah, yeah, no, noYeah, yeah, yeah, no, no",https://www.last.fm/music/Nickelback/_/How+You+Remind+Me/+lyrics,rock
Nickelback,How You Remind Me,"It's not like you didn't know thatI said, ""I love you,"" and I swear, I still doAnd it must have been so bad'Cause living with me must have damn near killed you",https://www.last.fm/music/Nickelback/_/How+You+Remind+Me/+lyrics,rock
Nickelback,How You Remind Me,And this is how you remind meOf what I really amThis is how you remind meOf what I really am,https://www.last.fm/music/Nickelback/_/How+You+Remind+Me/+lyrics,rock
Nickelback,How You Remind Me,"It's not like you to say ""Sorry""I was waiting on a different storyThis time I'm mistakenFor handing you a heart worth breaking",https://www.last.fm/music/Nickelback/_/How+You+Remind+Me/+lyrics,rock
Nickelback,How You Remind Me,"And I've been wrong, I've been downBeen to the bottom of every bottleThese five words in my headScream ""Are we having fun yet?""",https://www.last.fm/music/Nickelback/_/How+You+Remind+Me/+lyrics,rock
Nickelback,How You Remind Me,"Yeah, yeah, yeah, no, noYeah, yeah, yeah, no, noYeah, yeah, yeah, no, noYeah, yeah, yeah, no, no",https://www.last.fm/music/Nickelback/_/How+You+Remind+Me/+lyrics,rock
Nickelback,How You Remind Me,Never made it as a wise manI couldn't cut it as a poor man stealingAnd this is how you remind meThis is how you remind me,https://www.last.fm/music/Nickelback/_/How+You+Remind+Me/+lyrics,rock
Nickelback,How You Remind Me,This is how you remind meOf what I really amThis is how you remind meOf what I really am,https://www.last.fm/music/Nickelback/_/How+You+Remind+Me/+lyrics,rock
Nickelback,How You Remind Me,"It's not like you to say ""Sorry""I was waiting on a different storyThis time I'm mistakenFor handing you a heart worth breaking",https://www.last.fm/music/Nickelback/_/How+You+Remind+Me/+lyrics,rock
Nickelback,How You Remind Me,"And I've been wrong, I've been downBeen to the bottom of every bottleThese five words in my headScream ""Are we having fun yet?""",https://www.last.fm/music/Nickelback/_/How+You+Remind+Me/+lyrics,rock
Nickelback,How You Remind Me,"Yeah, yeah, are we having fun yet?Yeah, yeah, are we having fun yet?Yeah, yeah, are we having fun yet?",https://www.last.fm/music/Nickelback/_/How+You+Remind+Me/+lyrics,rock
Nickelback,How You Remind Me,"Yeah, yeahNo, no",https://www.last.fm/music/Nickelback/_/How+You+Remind+Me/+lyrics,rock
Goo Goo Dolls,Iris,And I'd give up forever to touch you'Cause I know that you feel me somehowYou're the closest to heaven that I'll ever beAnd I don't want to go home right now,https://www.last.fm/music/Goo+Goo+Dolls/_/Iris/+lyrics,rock
Goo Goo Dolls,Iris,"And all I can taste is this momentAnd all I can breathe is your lifeAnd sooner or later, it's overI just don't wanna miss you tonight",https://www.last.fm/music/Goo+Goo+Dolls/_/Iris/+lyrics,rock
Goo Goo Dolls,Iris,And I don't want the world to see me'Cause I don't think that they'd understandWhen everything's made to be brokenI just want you to know who I am,https://www.last.fm/music/Goo+Goo+Dolls/_/Iris/+lyrics,rock
Goo Goo Dolls,Iris,"And you can't fight the tears that ain't comingOr the moment of truth in your liesWhen everything feels like the moviesYeah, you bleed just to know, you're alive",https://www.last.fm/music/Goo+Goo+Dolls/_/Iris/+lyrics,rock
Goo Goo Dolls,Iris,And I don't want the world to see me'Cause I don't think that they'd understandWhen everything's made to be brokenI just want you to know who I am,https://www.last.fm/music/Goo+Goo+Dolls/_/Iris/+lyrics,rock
Goo Goo Dolls,Iris,And I don't want the world to see me'Cause I don't think that they'd understandWhen everything's made to be brokenI just want you to know who I am,https://www.last.fm/music/Goo+Goo+Dolls/_/Iris/+lyrics,rock
Goo Goo Dolls,Iris,And I don't want the world to see me'Cause I don't think that they'd understandWhen everything's made to be brokenI just want you to know who I am,https://www.last.fm/music/Goo+Goo+Dolls/_/Iris/+lyrics,rock
Goo Goo Dolls,Iris,I just want you to know who I amI just want you to know who I amI just want you to know who I am,https://www.last.fm/music/Goo+Goo+Dolls/_/Iris/+lyrics,rock
Radiohead,Creep,When you were here beforeCouldn't look you in the eyeYou're just like an angelYour skin makes me cryYou float like a featherIn a beautiful worldI wish I was specialYou're so fuckin' special,https://www.last.fm/music/Radiohead/_/Creep/+lyrics,rock
Radiohead,Creep,But I'm a creepI'm a weirdoWhat the hell am I doin' here?I don't belong here,https://www.last.fm/music/Radiohead/_/Creep/+lyrics,rock
Radiohead,Creep,I don't care if it hurtsI wanna have controlI want a perfect bodyI want a perfect soulI want you to noticeWhen I'm not aroundSo fuckin' specialI wish I was special,https://www.last.fm/music/Radiohead/_/Creep/+lyrics,rock
Radiohead,Creep,But I'm a creepI'm a weirdoWhat the hell am I doin' here?I don't belong here,https://www.last.fm/music/Radiohead/_/Creep/+lyrics,rock
Radiohead,Creep,"She's running out the door (run)She's running outShe run, run, run, run,Run...",https://www.last.fm/music/Radiohead/_/Creep/+lyrics,rock
Radiohead,Creep,Whatever makes you happyWhatever you wantYou're so fuckin' specialI wish I was special,https://www.last.fm/music/Radiohead/_/Creep/+lyrics,rock
Radiohead,Creep,But I'm a creepI'm a weirdoWhat the hell am I doin' here?I don't belong hereI don't belong here,https://www.last.fm/music/Radiohead/_/Creep/+lyrics,rock
Muse,Time Is Running Out,I think I'm drowningAsphyxiatedI wanna break this spellThat you've created,https://www.last.fm/music/Muse/_/Time+Is+Running+Out/+lyrics,rock
Muse,Time Is Running Out,You're something beautifulA contradictionI wanna play the gameI want the friction,https://www.last.fm/music/Muse/_/Time+Is+Running+Out/+lyrics,rock
Muse,Time Is Running Out,You will be the death of meYou will be the death of me,https://www.last.fm/music/Muse/_/Time+Is+Running+Out/+lyrics,rock
Muse,Time Is Running Out,Bury itI won't let you bury itI won't let you smother itI won't let you murder it,https://www.last.fm/music/Muse/_/Time+Is+Running+Out/+lyrics,rock
Muse,Time Is Running Out,Our time is running outOur time is running outYou can't push it undergroundYou can't stop it screaming out,https://www.last.fm/music/Muse/_/Time+Is+Running+Out/+lyrics,rock
Muse,Time Is Running Out,I wanted freedomBound and restrictedI tried to give you upBut I'm addicted,https://www.last.fm/music/Muse/_/Time+Is+Running+Out/+lyrics,rock
Muse,Time Is Running Out,Now that you know I'm trapped sense of elationYou'd never dream ofBreaking this fixation,https://www.last.fm/music/Muse/_/Time+Is+Running+Out/+lyrics,rock
Muse,Time Is Running Out,You will squeeze the life out of me,https://www.last.fm/music/Muse/_/Time+Is+Running+Out/+lyrics,rock
Muse,Time Is Running Out,Bury itI won't let you bury itI won't let you smother itI won't let you murder it,https://www.last.fm/music/Muse/_/Time+Is+Running+Out/+lyrics,rock
Muse,Time Is Running Out,Our time is running outOur time is running outYou can't push it undergroundYou can't stop it screaming outHow did it come to this?Oh,https://www.last.fm/music/Muse/_/Time+Is+Running+Out/+lyrics,rock
Muse,Time Is Running Out,You will suck the life out of me,https://www.last.fm/music/Muse/_/Time+Is+Running+Out/+lyrics,rock
Muse,Time Is Running Out,Bury itI won't let you bury itI won't let you smother itI won't let you murder it,https://www.last.fm/music/Muse/_/Time+Is+Running+Out/+lyrics,rock
Muse,Time Is Running Out,Our time is running outOur time is running outYou can't push it undergroundYou can't stop it screaming outHow did it come to this?Oh,https://www.last.fm/music/Muse/_/Time+Is+Running+Out/+lyrics,rock
Deep Purple,Smoke on the Water,We all came out to MontreuxOn the Lake Geneva shorelineTo make records with a mobileWe didn't have much time,https://www.last.fm/music/Deep+Purple/_/Smoke+on+the+Water/+lyrics,rock
Deep Purple,Smoke on the Water,"Frank Zappa and the MothersWere at the best place aroundBut some stupid with a flare gunBurned the place to the ground,",https://www.last.fm/music/Deep+Purple/_/Smoke+on+the+Water/+lyrics,rock
Deep Purple,Smoke on the Water,Smoke on the waterA fire in the skySmoke on the water,https://www.last.fm/music/Deep+Purple/_/Smoke+on+the+Water/+lyrics,rock
Deep Purple,Smoke on the Water,But burning down,https://www.last.fm/music/Deep+Purple/_/Smoke+on+the+Water/+lyrics,rock
Deep Purple,Smoke on the Water,They burned down the gambling houseIt died with an awful soundFunky Claude was running in and outHe was pulling kids out the ground,https://www.last.fm/music/Deep+Purple/_/Smoke+on+the+Water/+lyrics,rock
Deep Purple,Smoke on the Water,"When it all was overWe had to find another placeSwiss time was running outIt seemed that we would lose the race, now",https://www.last.fm/music/Deep+Purple/_/Smoke+on+the+Water/+lyrics,rock
Deep Purple,Smoke on the Water,Smoke on the waterA fire in the skySmoke on the water,https://www.last.fm/music/Deep+Purple/_/Smoke+on+the+Water/+lyrics,rock
Deep Purple,Smoke on the Water,We ended up at the Grand HotelIt was empty cold and bareWith the Rolling truck Stones thing just outsideMaking our music there,https://www.last.fm/music/Deep+Purple/_/Smoke+on+the+Water/+lyrics,rock
Deep Purple,Smoke on the Water,"Few red lights and a few old bedsWe made a place to sweatNo matter what we get out of thisI know, I know we'll never forget,",https://www.last.fm/music/Deep+Purple/_/Smoke+on+the+Water/+lyrics,rock
Deep Purple,Smoke on the Water,Smoke on the waterA fire in the skySmoke on the water,https://www.last.fm/music/Deep+Purple/_/Smoke+on+the+Water/+lyrics,rock
Foo Fighters,Everlong,"HelloI've waited here for youEverlongTonightI throw myself intoAnd out of the red, out of her head she sang",https://www.last.fm/music/Foo+Fighters/_/Everlong/+lyrics,rock
Foo Fighters,Everlong,Come downAnd waste away with meDown with meSlow howYou wanted it to be,https://www.last.fm/music/Foo+Fighters/_/Everlong/+lyrics,rock
Foo Fighters,Everlong,"I'm over my head, out of her head she sangAnd I wonder, when I sing along with youIf everything could ever feel this real forever",https://www.last.fm/music/Foo+Fighters/_/Everlong/+lyrics,rock
Foo Fighters,Everlong,If anything could ever be this good againThe only thing I'll ever ask of youYou gotta promise not to stop when I say whenShe sang,https://www.last.fm/music/Foo+Fighters/_/Everlong/+lyrics,rock
Foo Fighters,Everlong,Breathe outSo I can breathe you inHold you inAnd nowI know you've always been there,https://www.last.fm/music/Foo+Fighters/_/Everlong/+lyrics,rock
Foo Fighters,Everlong,"Out of your head, out of my head I sangAnd I wonder when I sing along with youIf everything could ever feel this real foreverIf anything could ever be this good againThe only thing I'll ever ask of youYou gotta promise not to stop when I say whenShe sang",https://www.last.fm/music/Foo+Fighters/_/Everlong/+lyrics,rock
Foo Fighters,Everlong,And I wonderIf everything could ever feel this real foreverIf anything could ever be this good againThe only thing I'll ever ask of youYou gotta promise not to stop when I say when,https://www.last.fm/music/Foo+Fighters/_/Everlong/+lyrics,rock
The Killers,When You Were Young,You sit there in your heartacheWaiting on some beautiful boy toTo save you from your old waysYou play forgivenessWatch it nowHere he comes,https://www.last.fm/music/The+Killers/_/When+You+Were+Young/+lyrics,rock
The Killers,When You Were Young,He doesn't look a thing like JesusBut he talks like a gentlemenLike you imaginedWhen you were young,https://www.last.fm/music/The+Killers/_/When+You+Were+Young/+lyrics,rock
The Killers,When You Were Young,Can we climb this mountain?I don't knowHigher now than ever beforeI know we can make it if we take it slowLet's take it easyEasy nowWatch it go,https://www.last.fm/music/The+Killers/_/When+You+Were+Young/+lyrics,rock
The Killers,When You Were Young,We're burning down the highway skylineOn the back of a hurricane that started turningWhen you were youngWhen you were young,https://www.last.fm/music/The+Killers/_/When+You+Were+Young/+lyrics,rock
The Killers,When You Were Young,And sometimes you close your eyesAnd see the place where you used to liveWhen you were young,https://www.last.fm/music/The+Killers/_/When+You+Were+Young/+lyrics,rock
The Killers,When You Were Young,They say the devil's waterIt ain't so sweetYou don't have to drink right nowBut you can dip your feetEvery once in a little while,https://www.last.fm/music/The+Killers/_/When+You+Were+Young/+lyrics,rock
The Killers,When You Were Young,You sit there in your heartacheWaiting on some beautiful boy toTo save you from your old waysYou play forgivenessWatch it nowHere he comes,https://www.last.fm/music/The+Killers/_/When+You+Were+Young/+lyrics,rock
The Killers,When You Were Young,He doesn't look a thing like JesusBut he talks like a gentlemenLike you imaginedWhen you were young,https://www.last.fm/music/The+Killers/_/When+You+Were+Young/+lyrics,rock
The Killers,When You Were Young,Talks like a gentlemanLike you imaginedWhen you were young,https://www.last.fm/music/The+Killers/_/When+You+Were+Young/+lyrics,rock
The Killers,When You Were Young,"I said, he doesn't look a thing like JesusHe doesn't look a thing like JesusBut more than you'll ever know",https://www.last.fm/music/The+Killers/_/When+You+Were+Young/+lyrics,rock
3 Doors Down,Here Without You,A hundred days have made me olderSince the last time that I saw your pretty faceA thousand lies have made me colderAnd I don't think I can look at this the same,https://www.last.fm/music/3+Doors+Down/_/Here+Without+You/+lyrics,rock
3 Doors Down,Here Without You,But all the miles that separateDisappear now when I'm dreaming of your face,https://www.last.fm/music/3+Doors+Down/_/Here+Without+You/+lyrics,rock
3 Doors Down,Here Without You,"I'm here without you, babyBut you're still on my lonely mindI think about you, babyAnd I dream about you all the time",https://www.last.fm/music/3+Doors+Down/_/Here+Without+You/+lyrics,rock
3 Doors Down,Here Without You,"I'm here without you, babyBut you're still with me in my dreamsAnd tonight it's only you and me, yeah",https://www.last.fm/music/3+Doors+Down/_/Here+Without+You/+lyrics,rock
3 Doors Down,Here Without You,"The miles just keep rollin'As the people leave their way to say helloI've heard this life is overratedBut I hope that it gets better as we go, oh yeah, yeah",https://www.last.fm/music/3+Doors+Down/_/Here+Without+You/+lyrics,rock
3 Doors Down,Here Without You,"I'm here without you, babyBut you're still on my lonely mindI think about you, babyAnd I dream about you all the time",https://www.last.fm/music/3+Doors+Down/_/Here+Without+You/+lyrics,rock
3 Doors Down,Here Without You,"I'm here without you, babyBut you're still with me in my dreamsAnd tonight, girl, it's only you and me",https://www.last.fm/music/3+Doors+Down/_/Here+Without+You/+lyrics,rock
3 Doors Down,Here Without You,"Everything I know, and anywhere I go (Oh whoa)It gets hard but it won't take away my love (Oh whoa)And when the last one fallsWhen it's all said and doneIt gets hard but it won't take away my love, whoa, oh, oh",https://www.last.fm/music/3+Doors+Down/_/Here+Without+You/+lyrics,rock
3 Doors Down,Here Without You,"I'm here without you, babyBut you're still on my lonely mindI think about you, babyAnd I dream about you all the time",https://www.last.fm/music/3+Doors+Down/_/Here+Without+You/+lyrics,rock
3 Doors Down,Here Without You,"I'm here without you, babyBut you're still with me in my dreamsAnd tonight, girl, it's only you and me, yeahOh girl, oh oh",https://www.last.fm/music/3+Doors+Down/_/Here+Without+You/+lyrics,rock
3 Doors Down,Kryptonite,"Well I took a walk around the world to ease my troubled mindI left my body lying somewhere in the sands of timeWell I watched the world float to the dark side of the moonI feel there's nothing I can do,yeah",https://www.last.fm/music/3+Doors+Down/_/Kryptonite/+lyrics,rock
3 Doors Down,Kryptonite,I watched the world float to the dark side of the moonAfter all I knew it had to be something to do with youI really don't mind what happens now and thenAs long as you'll be my friend at the end,https://www.last.fm/music/3+Doors+Down/_/Kryptonite/+lyrics,rock
3 Doors Down,Kryptonite,"If I go crazy then will you still call me Superman?If I'm alive and well, will you be there a-holding my hand?I'll keep you by my side with my superhuman mightKryptonite",https://www.last.fm/music/3+Doors+Down/_/Kryptonite/+lyrics,rock
3 Doors Down,Kryptonite,"You called me strong, you called me weakBut still your secrets I will keepYou took for granted all the times I never let you downYou stumbled in and bumped your headIf not for me then you'd be deadI picked you up and put you back on solid ground",https://www.last.fm/music/3+Doors+Down/_/Kryptonite/+lyrics,rock
3 Doors Down,Kryptonite,"If I go crazy then will you still call me Superman?If I'm alive and well, will you be there a-holding my hand?I'll keep you by my side with my superhuman mightKryptonite",https://www.last.fm/music/3+Doors+Down/_/Kryptonite/+lyrics,rock
3 Doors Down,Kryptonite,"If I go crazy then will you still call me Superman?If I'm alive and well, will you be there holding my hand?I'll keep you by my side with my superhuman mightKryptoniteYeah!",https://www.last.fm/music/3+Doors+Down/_/Kryptonite/+lyrics,rock
3 Doors Down,Kryptonite,"If I go crazy then will you still call me Superman?If I'm alive and well, will you be there a-holding my hand?I'll keep you by my side with my superhuman mightKryptonite",https://www.last.fm/music/3+Doors+Down/_/Kryptonite/+lyrics,rock
3 Doors Down,Kryptonite,"Oh, whoa, whoaOh, whoa, whoaOh, whoa, whoa",https://www.last.fm/music/3+Doors+Down/_/Kryptonite/+lyrics,rock
The Killers,Mr. Brightside,"I'm coming out of my cage and I've been doing just fineGotta, gotta be down because I want it allIt started out with a kiss, how did it end up like this?It was only a kiss, it was only a kiss",https://www.last.fm/music/The+Killers/_/Mr.+Brightside/+lyrics,rock
The Killers,Mr. Brightside,"Now I'm falling asleep and she's calling a cabWhile he's having a smoke and she's taking a dragNow they're going to bed and my stomach is sickAnd it's all in my head, but she's touching his",https://www.last.fm/music/The+Killers/_/Mr.+Brightside/+lyrics,rock
The Killers,Mr. Brightside,"Chest now, he takes off her dress nowLet me go",https://www.last.fm/music/The+Killers/_/Mr.+Brightside/+lyrics,rock
The Killers,Mr. Brightside,"I just can't look, it's killing meAnd taking control",https://www.last.fm/music/The+Killers/_/Mr.+Brightside/+lyrics,rock
The Killers,Mr. Brightside,"Jealousy, turning saints into the seaSwimming through sick lullabies, choking on your alibisBut it's just the price I pay, destiny is calling meOpen up my eager eyes, 'cause I'm Mr. Brightside",https://www.last.fm/music/The+Killers/_/Mr.+Brightside/+lyrics,rock
The Killers,Mr. Brightside,"I'm coming out of my cage and I've been doing just fineGotta, gotta be down because I want it allIt started out with a kiss, how did it end up like this?It was only a kiss, it was only a kiss",https://www.last.fm/music/The+Killers/_/Mr.+Brightside/+lyrics,rock
The Killers,Mr. Brightside,"Now I'm falling asleep and she's calling a cabWhile he's having a smoke and she's taking a dragNow they're going to bed and my stomach is sickAnd it's all in my head, but she's touching his",https://www.last.fm/music/The+Killers/_/Mr.+Brightside/+lyrics,rock
The Killers,Mr. Brightside,"Chest now, he takes off her dress nowLet me go",https://www.last.fm/music/The+Killers/_/Mr.+Brightside/+lyrics,rock
The Killers,Mr. Brightside,"'Cause I just can't look, it's killing meAnd taking control",https://www.last.fm/music/The+Killers/_/Mr.+Brightside/+lyrics,rock
The Killers,Mr. Brightside,"Jealousy, turning saints into the seaSwimming through sick lullabies, choking on your alibisBut it's just the price I pay, destiny is calling meOpen up my eager eyes, 'cause I'm Mr. Brightside",https://www.last.fm/music/The+Killers/_/Mr.+Brightside/+lyrics,rock
The Killers,Mr. Brightside,I neverI neverI neverI never,https://www.last.fm/music/The+Killers/_/Mr.+Brightside/+lyrics,rock
Linkin Park,In the End,"(It starts with one)One thing I don't know whyIt doesn't even matter how hard you tryKeep that in mind, I designed this rhymeTo explain in due time",https://www.last.fm/music/Linkin+Park/_/In+the+End/+lyrics,rock
Linkin Park,In the End,All I knowTime is a valuable thingWatch it fly by as the pendulum swingsWatch it count down to the end of the dayThe clock ticks life away,https://www.last.fm/music/Linkin+Park/_/In+the+End/+lyrics,rock
Linkin Park,In the End,"It's so unrealDidn't look out belowWatch the time go right out the windowTryin' to hold on, did-didn't even knowI wasted it all just to watch you go",https://www.last.fm/music/Linkin+Park/_/In+the+End/+lyrics,rock
Linkin Park,In the End,I kept everything inside and even though I triedIt all fell apartWhat it meant to me will eventuallyBe a memory of a time when I tried so hard,https://www.last.fm/music/Linkin+Park/_/In+the+End/+lyrics,rock
Linkin Park,In the End,I tried so hard and got so farBut in the end it doesn't even matterI had to fall to lose it allBut in the end it doesn't even matter,https://www.last.fm/music/Linkin+Park/_/In+the+End/+lyrics,rock
Linkin Park,In the End,"One thing, I don't know whyIt doesn't even matter how hard you tryKeep that in mind, I designed this rhymeTo remind myself how I tried so hard",https://www.last.fm/music/Linkin+Park/_/In+the+End/+lyrics,rock
Linkin Park,In the End,In spite of the way you were mockin' meActing like I was part of your propertyRemembering all the times you fought with meI'm surprised it got so far,https://www.last.fm/music/Linkin+Park/_/In+the+End/+lyrics,rock
Linkin Park,In the End,Things aren't the way they were beforeYou wouldn't even recognize me anymoreNot that you knew me back thenBut it all comes back to me in the end,https://www.last.fm/music/Linkin+Park/_/In+the+End/+lyrics,rock
Linkin Park,In the End,You kept everything inside and even though I triedIt all fell apartWhat it meant to me will eventuallyBe a memory of a time when I tried so hard,https://www.last.fm/music/Linkin+Park/_/In+the+End/+lyrics,rock
Linkin Park,In the End,I tried so hard and got so farBut in the end it doesn't even matterI had to fall to lose it allBut in the end it doesn't even matter,https://www.last.fm/music/Linkin+Park/_/In+the+End/+lyrics,rock
Linkin Park,In the End,I've put my trust in youPushed as far as I can goFor all thisThere's only one thing you should know,https://www.last.fm/music/Linkin+Park/_/In+the+End/+lyrics,rock
Linkin Park,In the End,I've put my trust in youPushed as far as I can goFor all thisThere's only one thing you should know,https://www.last.fm/music/Linkin+Park/_/In+the+End/+lyrics,rock
Linkin Park,In the End,I tried so hard and got so farBut in the end it doesn't even matterI had to fall to lose it allBut in the end it doesn't even matter,https://www.last.fm/music/Linkin+Park/_/In+the+End/+lyrics,rock
Dire Straits,Sultans of Swing,"You get a shiver in the darkIt's raining in the park, but meantimeSouth of the river, you stop and you hold everything",https://www.last.fm/music/Dire+Straits/_/Sultans+of+Swing/+lyrics,rock
Dire Straits,Sultans of Swing,A band is blowing DixieDouble four timeYou feel alrightWhen you hear the music ring,https://www.last.fm/music/Dire+Straits/_/Sultans+of+Swing/+lyrics,rock
Dire Straits,Sultans of Swing,"Well, now you step insideBut you don't see too many facesComing in out of the rain to hear the jazz go down",https://www.last.fm/music/Dire+Straits/_/Sultans+of+Swing/+lyrics,rock
Dire Straits,Sultans of Swing,"Competition in other placesAh, but the hornsThey blowin' that sound",https://www.last.fm/music/Dire+Straits/_/Sultans+of+Swing/+lyrics,rock
Dire Straits,Sultans of Swing,Way on down southWay on down southLondon town,https://www.last.fm/music/Dire+Straits/_/Sultans+of+Swing/+lyrics,rock
Dire Straits,Sultans of Swing,"Yeah, check out Guitar GeorgeHe knows all the chordsMind, he's strictly rhythmHe doesn't want to make it cry or sing",https://www.last.fm/music/Dire+Straits/_/Sultans+of+Swing/+lyrics,rock
Dire Straits,Sultans of Swing,Left-handed old guitarIs all he can affordWhen he gets up under the lightsTo play his thing,https://www.last.fm/music/Dire+Straits/_/Sultans+of+Swing/+lyrics,rock
Dire Straits,Sultans of Swing,And Harry doesn't mindIf he doesn't make the sceneHe's got a daytime jobHe's doing alright,https://www.last.fm/music/Dire+Straits/_/Sultans+of+Swing/+lyrics,rock
Dire Straits,Sultans of Swing,He can play the Honky Tonk like anythingSaving it up for Friday night,https://www.last.fm/music/Dire+Straits/_/Sultans+of+Swing/+lyrics,rock
Dire Straits,Sultans of Swing,With the SultansWith the Sultans of Swing,https://www.last.fm/music/Dire+Straits/_/Sultans+of+Swing/+lyrics,rock
Dire Straits,Sultans of Swing,And a crowd of young boysThey're fooling around in the cornerDrunk and dressed in their best brown baggiesAnd their platform soles,https://www.last.fm/music/Dire+Straits/_/Sultans+of+Swing/+lyrics,rock
Dire Straits,Sultans of Swing,They don't give a damnAbout any trumpet playing bandIt ain't what they call rock and roll,https://www.last.fm/music/Dire+Straits/_/Sultans+of+Swing/+lyrics,rock
Dire Straits,Sultans of Swing,"And the SultansYeah, the Sultans, they play CreoleCreole",https://www.last.fm/music/Dire+Straits/_/Sultans+of+Swing/+lyrics,rock
Dire Straits,Sultans of Swing,And then the manHe steps right up to the microphoneAnd says at lastJust as the time bell rings,https://www.last.fm/music/Dire+Straits/_/Sultans+of+Swing/+lyrics,rock
Dire Straits,Sultans of Swing,"""GoodnightNow it's time to go home""Then he makes it fast with one more thing",https://www.last.fm/music/Dire+Straits/_/Sultans+of+Swing/+lyrics,rock
Dire Straits,Sultans of Swing,We are the SultansWe are the Sultans of Swing,https://www.last.fm/music/Dire+Straits/_/Sultans+of+Swing/+lyrics,rock
Radiohead,Karma Police,Karma policeArrest this manHe talks in mathsHe buzzes like a fridgeHe's like a detuned radio,https://www.last.fm/music/Radiohead/_/Karma+Police/+lyrics,rock
Radiohead,Karma Police,Karma policeArrest this girlHer Hitler hairdoIs making me feel illAnd we have crashed her party,https://www.last.fm/music/Radiohead/_/Karma+Police/+lyrics,rock
Radiohead,Karma Police,This is what you'll getThis is what you'll getThis is what you'll getWhen you mess with us,https://www.last.fm/music/Radiohead/_/Karma+Police/+lyrics,rock
Radiohead,Karma Police,Karma policeI've given all I canIt's not enoughI've given all I canBut we're still on the payroll,https://www.last.fm/music/Radiohead/_/Karma+Police/+lyrics,rock
Radiohead,Karma Police,This is what you'll getThis is what you'll getThis is what you'll getWhen you mess with us,https://www.last.fm/music/Radiohead/_/Karma+Police/+lyrics,rock
Radiohead,Karma Police,"For a minute thereI lost myself, I lost myselfPhew, for a minute thereI lost myself, I lost myself",https://www.last.fm/music/Radiohead/_/Karma+Police/+lyrics,rock
Radiohead,Karma Police,"For a minute thereI lost myself, I lost myselfPhew, for a minute thereI lost myself, I lost myself",https://www.last.fm/music/Radiohead/_/Karma+Police/+lyrics,rock
Red Hot Chili Peppers,Otherside,"How long, how long will I slide?Separate my side, I don'tI don't believe it's badSlit my throat it's all I ever",https://www.last.fm/music/Red+Hot+Chili+Peppers/_/Otherside/+lyrics,rock
Red Hot Chili Peppers,Otherside,"I heard your voice through a photographI thought it up and brought up the pastOnce you know you can never go backI gotta take it on the other sideCenturies are what it meant to meA cemetery where I marry the seaStranger things could never change my mindI gotta take it on the other sideTake it on the other sideTake it on, take it on",https://www.last.fm/music/Red+Hot+Chili+Peppers/_/Otherside/+lyrics,rock
Red Hot Chili Peppers,Otherside,"How long, how long will I slide?Separate my side, I don'tI don't believe it's badSlit my throat it's all I ever",https://www.last.fm/music/Red+Hot+Chili+Peppers/_/Otherside/+lyrics,rock
Red Hot Chili Peppers,Otherside,Pour my life into a paper cupThe ashtray's full and I'm spillin' my gutsShe wants to know am I still a slutI've got to take it on the other side,https://www.last.fm/music/Red+Hot+Chili+Peppers/_/Otherside/+lyrics,rock
Red Hot Chili Peppers,Otherside,Scarlet starlet and she's in my bedA candidate for a soul mate bledPush the trigger and I pull the threadI gotta take it on the other sideTake it on the other sideTake it onTake it on,https://www.last.fm/music/Red+Hot+Chili+Peppers/_/Otherside/+lyrics,rock
Red Hot Chili Peppers,Otherside,"How long, how long will I slide?Separate my side, I don'tI don't believe it's badSlit my throat it's all I ever",https://www.last.fm/music/Red+Hot+Chili+Peppers/_/Otherside/+lyrics,rock
Red Hot Chili Peppers,Otherside,"Turn me on, take me for a hard rideBurn me out, leave me on the other sideI yell and tell it that it's not my friendI tear it down, I tear it downAnd then it's born again",https://www.last.fm/music/Red+Hot+Chili+Peppers/_/Otherside/+lyrics,rock
Red Hot Chili Peppers,Otherside,"How long, how long will I slide?Separate my side, I don'tI don't believe it's badSlit my throat it's all I everHow long, I don't, I don't believe it's badSlit my throat it's all I ever",https://www.last.fm/music/Red+Hot+Chili+Peppers/_/Otherside/+lyrics,rock
R.E.M.,Losing My Religion,Oh life is biggerIt's bigger than youAnd you are not meThe lengths that I will go toThe distance in your eyesOh no I've said too muchI set it up,https://www.last.fm/music/R.E.M./_/Losing+My+Religion/+lyrics,rock
R.E.M.,Losing My Religion,That's me in the cornerThat's me in the spot-lightLosing my religionTrying to keep up with youAnd I don't know if I can do itOh no I've said too muchI haven't said enough,https://www.last.fm/music/R.E.M./_/Losing+My+Religion/+lyrics,rock
R.E.M.,Losing My Religion,I thought that I heard you laughingI thought that I heard you singI think I thought I saw you try,https://www.last.fm/music/R.E.M./_/Losing+My+Religion/+lyrics,rock
R.E.M.,Losing My Religion,"Every whisper, of every waking hourI'm choosing my confessionsTrying to keep an eye on youLike a hurt, lost and blinded fool, foolOh no I've said too muchI set it up",https://www.last.fm/music/R.E.M./_/Losing+My+Religion/+lyrics,rock
R.E.M.,Losing My Religion,"Consider thisConsider this the hint of the centuryConsider this the slipThat brought me to my knees, failedWhat if all these fantasies comeFlailing aroundNow I've said too much",https://www.last.fm/music/R.E.M./_/Losing+My+Religion/+lyrics,rock
R.E.M.,Losing My Religion,I thought that I heard you laughingI thought that I heard you singI think I thought I saw you try,https://www.last.fm/music/R.E.M./_/Losing+My+Religion/+lyrics,rock
R.E.M.,Losing My Religion,But that was just a dreamThat was just a dream,https://www.last.fm/music/R.E.M./_/Losing+My+Religion/+lyrics,rock
R.E.M.,Losing My Religion,That's me in the cornerThat's me in the spot-lightLosing my religionTrying to keep up with youAnd I don't know if I can do itOh no I've said too muchI haven't said enough,https://www.last.fm/music/R.E.M./_/Losing+My+Religion/+lyrics,rock
R.E.M.,Losing My Religion,I thought that I heard you laughingI thought that I heard you singI think I thought I saw you try,https://www.last.fm/music/R.E.M./_/Losing+My+Religion/+lyrics,rock
R.E.M.,Losing My Religion,"But that was just a dreamTry, cry, fly, tryThat was just a dreamJust a dreamJust a dream, dream",https://www.last.fm/music/R.E.M./_/Losing+My+Religion/+lyrics,rock
Queen,We Will Rock You,"Buddy, you're a boy, make a big noisePlaying in the street, gonna be a big man somedayYou got mud on your face, you big disgraceKicking your can all over the place, singin'",https://www.last.fm/music/Queen/_/We+Will+Rock+You/+lyrics,rock
Queen,We Will Rock You,"We will, we will rock youWe will, we will rock you",https://www.last.fm/music/Queen/_/We+Will+Rock+You/+lyrics,rock
Queen,We Will Rock You,"Buddy, you're a young man, hard manShouting in the street, gonna take on the world somedayYou got blood on your face, you big disgraceWaving your banner all over the place",https://www.last.fm/music/Queen/_/We+Will+Rock+You/+lyrics,rock
Queen,We Will Rock You,"We will, we will rock youSing it outWe will, we will rock you",https://www.last.fm/music/Queen/_/We+Will+Rock+You/+lyrics,rock
Queen,We Will Rock You,"Buddy, you're an old man, poor manPleading with your eyes, gonna make you some peace somedayYou got mud on your face, big disgraceSomebody better put you back into your place",https://www.last.fm/music/Queen/_/We+Will+Rock+You/+lyrics,rock
Queen,We Will Rock You,"We will, we will rock youSing itWe will, we will rock youEverybodyWe will, we will rock youHmmWe will, we will rock youAlright",https://www.last.fm/music/Queen/_/We+Will+Rock+You/+lyrics,rock
Aerosmith,I Don't Want to Miss a Thing,I could stay awake just to hear you breathingWatch you smile while you are sleepingWhile you're far away and dreamingI could spend my life in this sweet surrenderI could stay lost in this moment foreverWhere every moment spent with you is a moment I treasure,https://www.last.fm/music/Aerosmith/_/I+Don%27t+Want+to+Miss+a+Thing/+lyrics,rock
Aerosmith,I Don't Want to Miss a Thing,"Don't wanna close my eyesI don't wanna fall asleep'Cause I'd miss you, babyAnd I don't wanna miss a thing'Cause even when I dream of youThe sweetest dream would never doI'd still miss you, babyAnd I don't wanna miss a thing",https://www.last.fm/music/Aerosmith/_/I+Don%27t+Want+to+Miss+a+Thing/+lyrics,rock
Aerosmith,I Don't Want to Miss a Thing,"Lying close to you, feeling your heart beatingAnd I'm wondering what you're dreamingWondering if it's me you're seeingThen I kiss your eyes and thank God we're togetherAnd I just wanna stay with you in this moment foreverForever and ever",https://www.last.fm/music/Aerosmith/_/I+Don%27t+Want+to+Miss+a+Thing/+lyrics,rock
Aerosmith,I Don't Want to Miss a Thing,"I don't wanna close my eyesI don't wanna fall asleep'Cause I'd miss you, babyAnd I don't wanna miss a thing'Cause even when I dream of youThe sweetest dream would never doI'd still miss you, babyAnd I don't wanna miss a thing",https://www.last.fm/music/Aerosmith/_/I+Don%27t+Want+to+Miss+a+Thing/+lyrics,rock
Aerosmith,I Don't Want to Miss a Thing,"I don't wanna miss one smileI don't wanna miss one kissWell, I just wanna be with youRight here with you, just like thisI just wanna hold you closeI feel your heart so close to mineAnd just stay here in this momentFor all the rest of timeYeah, yeah, yeah, yeah",https://www.last.fm/music/Aerosmith/_/I+Don%27t+Want+to+Miss+a+Thing/+lyrics,rock
Aerosmith,I Don't Want to Miss a Thing,"Don't wanna close my eyesDon't wanna fall asleep'Cause I'd miss you, babyAnd I don't wanna miss a thing'Cause even when I dream of youThe sweetest dream would never doI'd still miss you, babyAnd I don't wanna miss a thing",https://www.last.fm/music/Aerosmith/_/I+Don%27t+Want+to+Miss+a+Thing/+lyrics,rock
Aerosmith,I Don't Want to Miss a Thing,"I don't wanna close my eyesI don't wanna fall asleep'Cause I'd miss you, babyAnd I don't wanna miss a thing'Cause even when I dream of youThe sweetest dream would never doI'd still miss you, babyAnd I don't wanna miss a thing",https://www.last.fm/music/Aerosmith/_/I+Don%27t+Want+to+Miss+a+Thing/+lyrics,rock
Aerosmith,I Don't Want to Miss a Thing,"I don't wanna close my eyesI don't wanna fall asleep, yeahI don't wanna miss a thing",https://www.last.fm/music/Aerosmith/_/I+Don%27t+Want+to+Miss+a+Thing/+lyrics,rock
U2,One,Is it getting better?Or do you feel the same?Will it make it easier on you now?You got someone to blame,https://www.last.fm/music/U2/_/One/+lyrics,rock
U2,One,"You say, one love, one lifeWhen it's one need in the nightOne love, we get to share itLeaves you baby if you don't care for it",https://www.last.fm/music/U2/_/One/+lyrics,rock
U2,One,Did I disappoint you?Or leave a bad taste in your mouth?You act like you never had loveAnd you want me to go without,https://www.last.fm/music/U2/_/One/+lyrics,rock
U2,One,"Well it's too late tonightTo drag the past out into the lightWe're one but we're not the sameWe get to carry each other, carry each otherOne!",https://www.last.fm/music/U2/_/One/+lyrics,rock
U2,One,Have you come here for forgiveness?Have you come to raise the dead?Have you come here to play Jesus?To the lepers in your head,https://www.last.fm/music/U2/_/One/+lyrics,rock
U2,One,Did I ask too much? More than a lotYou gave me nothin' now it's all I gotWe're one but we're not the sameWell we hurt each other then we do it again,https://www.last.fm/music/U2/_/One/+lyrics,rock
U2,One,"You say love is a temple, love a higher lawLove is a temple, love the higher lawYou ask me to enter but then you make me crawlAnd I can't be holdin' on to what you gotWhen all you got is hurt",https://www.last.fm/music/U2/_/One/+lyrics,rock
U2,One,"One love, one bloodOne life, you got to do what you shouldOne life, with each otherSisters, brothers",https://www.last.fm/music/U2/_/One/+lyrics,rock
U2,One,"One life but we're not the sameWe get to carry each other, carry each otherOneOne",https://www.last.fm/music/U2/_/One/+lyrics,rock
Jet,Are You Gonna Be My Girl,"I said a 1, 2, 3 take my hand and come with meBecause you look so fine that I really wanna make you mineI said you look so fine that I really wanna make you mineOh, 4, 5, 6 c'mon and get your kicksNow you don't need that money when you look like that, do ya honey?",https://www.last.fm/music/Jet/_/Are+You+Gonna+Be+My+Girl/+lyrics,rock
Jet,Are You Gonna Be My Girl,Big black bootsLong brown hairShe's so sweetWith her get back stare,https://www.last.fm/music/Jet/_/Are+You+Gonna+Be+My+Girl/+lyrics,rock
Jet,Are You Gonna Be My Girl,"Well I could seeYou home with meBut you were with another man, yeahI know we ain't got, much to sayBefore I let you get away, yeahI said, ""Are you gonna be my girl?""",https://www.last.fm/music/Jet/_/Are+You+Gonna+Be+My+Girl/+lyrics,rock
Jet,Are You Gonna Be My Girl,"It's 1, 2, 3 take my hand and come with meBecause you look so fine that I really wanna make you mineI say you look so fine that I really wanna make you mineOh, 4, 5, 6 c'mon and get your kicksNow you don't need that money with a face like that, do ya?",https://www.last.fm/music/Jet/_/Are+You+Gonna+Be+My+Girl/+lyrics,rock
Jet,Are You Gonna Be My Girl,Big black bootsLong brown hairShe's so sweetWith her get back stare,https://www.last.fm/music/Jet/_/Are+You+Gonna+Be+My+Girl/+lyrics,rock
Jet,Are You Gonna Be My Girl,"Well I could seeYou home with meBut you were with another man, yeahI know we ain't got, much to sayBefore I let you get away, yeahI said, ""Are you gonna be my girl?""",https://www.last.fm/music/Jet/_/Are+You+Gonna+Be+My+Girl/+lyrics,rock
Jet,Are You Gonna Be My Girl,Oh yeahOh yeahC'mon,https://www.last.fm/music/Jet/_/Are+You+Gonna+Be+My+Girl/+lyrics,rock
Jet,Are You Gonna Be My Girl,"I could seeYou home with meBut you were with another man, yeahI know we, ain't got much to sayBefore I let you get away, yeahUh, be my girl, be my girlAre you gonna be my girl? Yeah",https://www.last.fm/music/Jet/_/Are+You+Gonna+Be+My+Girl/+lyrics,rock
Nirvana,Lithium,"I'm so happy 'cause today I found my friendsThey're in my headI'm so ugly, that's okay, 'cause so are youBroke our mirrorsSunday morning is everyday, for all I careAnd I'm not scaredLight my candles in a daze'Cause I've found God",https://www.last.fm/music/Nirvana/_/Lithium/+lyrics,rock
Nirvana,Lithium,"Yeah, yeahYeah, yeahYeah, yeahYeah, yeahYeah, yeahYeah, yeah, yeah",https://www.last.fm/music/Nirvana/_/Lithium/+lyrics,rock
Nirvana,Lithium,"I'm so lonely, that's okay, I shaved my headAnd I'm not sadAnd just maybe I'm to blame for all I've heardBut I'm not sureI'm so excited, I can't wait to meet you thereAnd I don't careI'm so horny, that's okayMy will is good",https://www.last.fm/music/Nirvana/_/Lithium/+lyrics,rock
Nirvana,Lithium,"Yeah, yeahYeah, yeahYeah, yeahYeah, yeahYeah, yeahYeah, yeah, yeah",https://www.last.fm/music/Nirvana/_/Lithium/+lyrics,rock
Nirvana,Lithium,"I like it, I'm not gonna crackI miss you, I'm not gonna crackI love you, I'm not gonna crackI killed you, I'm not gonna crackI like it, I'm not gonna crackI miss you, I'm not gonna crackI love you, I'm not gonna crackI killed you, I'm not gonna crack",https://www.last.fm/music/Nirvana/_/Lithium/+lyrics,rock
Nirvana,Lithium,"I'm so happy 'cause today I found my friendsThey're in my headI'm so ugly, that's okay, 'cause so are youBroke our mirrorsSunday morning is everyday, for all I careAnd I'm not scaredLight my candles in a daze'Cause I've found God",https://www.last.fm/music/Nirvana/_/Lithium/+lyrics,rock
Nirvana,Lithium,"Yeah, yeahYeah, yeahYeah, yeahYeah, yeahYeah, yeahYeah, yeah, yeah",https://www.last.fm/music/Nirvana/_/Lithium/+lyrics,rock
Nirvana,Lithium,"I like it, I'm not gonna crackI miss you, I'm not gonna crackI love you, I'm not gonna crackI killed you, I'm not gonna crackI like it, I'm not gonna crackI miss you, I'm not gonna crackI love you, I'm not gonna crackI killed you, I'm not gonna crack",https://www.last.fm/music/Nirvana/_/Lithium/+lyrics,rock
U2,Sunday Bloody Sunday,"I can't believe the news todayOh, I can't close my eyes and make it go away",https://www.last.fm/music/U2/_/Sunday+Bloody+Sunday/+lyrics,rock
U2,Sunday Bloody Sunday,"How long, how long must we sing this song?How long? How long?",https://www.last.fm/music/U2/_/Sunday+Bloody+Sunday/+lyrics,rock
U2,Sunday Bloody Sunday,'Cause tonightWe can be as oneTonight,https://www.last.fm/music/U2/_/Sunday+Bloody+Sunday/+lyrics,rock
U2,Sunday Bloody Sunday,"Broken bottles under children's feetBodies strewn across the dead-end streetBut I won't heed the battle callIt puts my back up, puts my back up against the wall",https://www.last.fm/music/U2/_/Sunday+Bloody+Sunday/+lyrics,rock
U2,Sunday Bloody Sunday,"Sunday, Bloody SundaySunday, Bloody SundaySunday, Bloody SundaySunday, Bloody SundayAlright, let's go",https://www.last.fm/music/U2/_/Sunday+Bloody+Sunday/+lyrics,rock
U2,Sunday Bloody Sunday,"And the battle's just begunThere's many lost, but tell me who has won?The trenches dug within our heartsAnd mothers, children, brothers, sisters torn apart",https://www.last.fm/music/U2/_/Sunday+Bloody+Sunday/+lyrics,rock
U2,Sunday Bloody Sunday,"Sunday, Bloody SundaySunday, Bloody Sunday",https://www.last.fm/music/U2/_/Sunday+Bloody+Sunday/+lyrics,rock
U2,Sunday Bloody Sunday,"How long, how long must we sing this song?How long? How long?",https://www.last.fm/music/U2/_/Sunday+Bloody+Sunday/+lyrics,rock
U2,Sunday Bloody Sunday,"'Cause tonight we can be as one, tonightTonight, tonight (Sunday, Bloody Sunday)Tonight, tonight (Sunday, Bloody Sunday)Alright, let's go",https://www.last.fm/music/U2/_/Sunday+Bloody+Sunday/+lyrics,rock
U2,Sunday Bloody Sunday,"Wipe the tears from your eyesWipe your tears awayI'll wipe your tears awayI'll wipe your tears away (Sunday, Bloody Sunday)I'll wipe your bloodshot eyes (Sunday, Bloody Sunday)",https://www.last.fm/music/U2/_/Sunday+Bloody+Sunday/+lyrics,rock
U2,Sunday Bloody Sunday,"Sunday, Bloody SundaySunday, Bloody SundaySunday, Bloody SundaySunday, Bloody Sunday",https://www.last.fm/music/U2/_/Sunday+Bloody+Sunday/+lyrics,rock
U2,Sunday Bloody Sunday,"And it's true we are immuneWhen fact is fiction and TV realityAnd today the millions cry (Sunday, Bloody Sunday)We eat and drink while tomorrow they die (Sunday, Bloody Sunday)",https://www.last.fm/music/U2/_/Sunday+Bloody+Sunday/+lyrics,rock
U2,Sunday Bloody Sunday,"The real battle just begun (Sunday, Bloody Sunday)To claim the victory Jesus won (Sunday, Bloody Sunday)On Sunday, Bloody Sunday, yeahSunday, Bloody Sunday",https://www.last.fm/music/U2/_/Sunday+Bloody+Sunday/+lyrics,rock
